paris_baguette,0,월클 토종효모 곡물식빵,https://www.paris.co.kr/wp-content/uploads/월클-토종효모-곡물식빵-패키지-600x600.png,bread,0
paris_baguette,0,고소한 크림치즈스틱,https://www.paris.co.kr/wp-content/uploads/고소한크림치즈스틱-600x600.jpg,bread,0
paris_baguette,0,치즈에 빠진 ROS?,https://www.paris.co.kr/wp-content/uploads/치즈에빠진로제-550x600.jpg,bread,0
paris_baguette,0,콰트로치즈 몰빵,https://www.paris.co.kr/wp-content/uploads/콰트로치즈몰빵_단면.jpg,bread,0
paris_baguette,0,겉바속쫀 모짜치즈볼,https://www.paris.co.kr/wp-content/uploads/겉바속쫀-치즈볼_단면-550x600.jpg,bread,0
paris_baguette,0,까망있어보자 치즈야 빵이야?,https://www.paris.co.kr/wp-content/uploads/까망있어보자-550x600.jpg,bread,0
paris_baguette,0,내 몸을 건강하게 1cm 통밀식빵,https://www.paris.co.kr/wp-content/uploads/??-??????-??????????-1cm-????????????-1-1-600x600.jpg,bread,0
paris_baguette,0,상미종생식빵,https://www.paris.co.kr/wp-content/uploads/상미종생식빵-600x600.jpg,bread,0
paris_baguette,0,정통우유식빵,https://www.paris.co.kr/wp-content/uploads/정통우유식빵-600x600.jpg,bread,0
paris_baguette,0,그대로 토스트 플러스,https://www.paris.co.kr/wp-content/uploads/그대로토스트플러스-600x600.jpg,bread,0
paris_baguette,0,호밀호두식빵,https://www.paris.co.kr/wp-content/uploads/호밀호두식빵-600x600.jpg,bread,0
paris_baguette,0,쫀득한밤호떡,https://www.paris.co.kr/wp-content/uploads/쫀득한밤호떡-1-600x600.jpg,bread,0
paris_baguette,0,너진짜 밤맛이구나,https://www.paris.co.kr/wp-content/uploads/너진짜밤맛이구나-2-600x600.jpg,bread,0
paris_baguette,0,달콤함을나눠밤,https://www.paris.co.kr/wp-content/uploads/달콤함을나눠밤-1-600x600.jpg,bread,0
paris_baguette,0,고구마가달구마,https://www.paris.co.kr/wp-content/uploads/고구마가달구마-2-600x600.jpg,bread,0
paris_baguette,0,든든한 통소시지빵,https://www.paris.co.kr/wp-content/uploads/210512_홈페이지든든한통소세지빵-600x600.jpg,bread,0
paris_baguette,0,클래식 애플파이,https://www.paris.co.kr/wp-content/uploads/클래식-애플파이-600x600.jpg,bread,0
paris_baguette,0,클래식 시나몬롤,https://www.paris.co.kr/wp-content/uploads/210303_??????????????????-600x600.jpg,bread,0
paris_baguette,0,생도넛,https://www.paris.co.kr/wp-content/uploads/210201_????????-600x600.jpg,bread,0
paris_baguette,0,뀐아망,https://www.paris.co.kr/wp-content/uploads/201217_????????-600x600.jpg,bread,0
paris_baguette,0,초코칩 쏙쏙 롤링브레드,https://www.paris.co.kr/wp-content/uploads/201127_?????????????????????????-600x600.jpg,bread,0
paris_baguette,0,쇼콜라 깜빠뉴,https://www.paris.co.kr/wp-content/uploads/201127_???????-???????-600x600.jpg,bread,0
paris_baguette,0,초코크림 아몬드볼,https://www.paris.co.kr/wp-content/uploads/201127_???????????????????-600x600.jpg,bread,0
paris_baguette,0,크림 크래미 고로케,https://www.paris.co.kr/wp-content/uploads/201222_???????????-600x600.png,bread,0
paris_baguette,0,옛날버터크림빵,https://www.paris.co.kr/wp-content/uploads/201217_????????????-600x600.jpg,bread,0
paris_baguette,0,달콤부드러운 연유크림빵,https://www.paris.co.kr/wp-content/uploads/201224_????????????????????????????-600x600.jpg,bread,0
paris_baguette,0,피넛베리크림빵,https://www.paris.co.kr/wp-content/uploads/201224_?????????????????-600x600.jpg,bread,0
paris_baguette,0,한입쏙단팥앙빵,https://www.paris.co.kr/wp-content/uploads/201217_???????????????-600x600.jpg,bread,0
paris_baguette,0,호두호밀브레드,https://www.paris.co.kr/wp-content/uploads/201229_???????????????-600x600.jpg,bread,0
paris_baguette,0,뺑오레쟁,https://www.paris.co.kr/wp-content/uploads/201217_??????????-600x600.jpg,bread,0
paris_baguette,0,뺑오쇼콜라,https://www.paris.co.kr/wp-content/uploads/201217_????????????-600x600.jpg,bread,0
paris_baguette,1,강원도 알감자빵,https://www.paris.co.kr/wp-content/uploads/201210_????????????????-600x600.jpg,bread,0
paris_baguette,0,진저레몬 몽블랑,https://www.paris.co.kr/wp-content/uploads/303301.png,bread,0
paris_baguette,0,부드러운 모카크림빵,https://www.paris.co.kr/wp-content/uploads/302875.png,bread,0
paris_baguette,0,팥이팅! 소보루도넛,https://www.paris.co.kr/wp-content/uploads/574457.png,bread,0
paris_baguette,0,스위트밀크식빵(소),https://www.paris.co.kr/wp-content/uploads/210104_?????????????-600x600.jpg,bread,0
paris_baguette,0,치즈바게뜨,https://www.paris.co.kr/wp-content/uploads/300516.png,bread,0
paris_baguette,0,돌돌말린 모짜렐라 치즈 소시지,https://www.paris.co.kr/wp-content/uploads/???????????????????????-600x600.jpg,bread,0
paris_baguette,0,생(生) 유산균 플러스 딸기크림빵,https://www.paris.co.kr/wp-content/uploads/201224_?????????????????????-600x600.jpg,bread,0
paris_baguette,0,진한느낌 치즈치즈브레드,https://www.paris.co.kr/wp-content/uploads/201217_??????????-1-600x600.jpg,bread,0
paris_baguette,0,매콤 아삭 고로케,https://www.paris.co.kr/wp-content/uploads/????????????????-600x600.jpg,bread,0
paris_baguette,0,생크림 단팥빵,https://www.paris.co.kr/wp-content/uploads/210104_?????????????????_??????-600x600.jpg,bread,0
paris_baguette,0,포켓샌드 카야토스트,https://www.paris.co.kr/wp-content/uploads/200629_????????????????????_-600x600.jpg,bread,0
paris_baguette,0,치즈파니니,https://www.paris.co.kr/wp-content/uploads/201224_??????????-600x600.jpg,bread,0
paris_baguette,0,토마토모짜렐라바게뜨,https://www.paris.co.kr/wp-content/uploads/?????????????????????-600x600.jpg,bread,0
paris_baguette,0,상미종 생(生)식빵(대),https://www.paris.co.kr/wp-content/uploads/200708-?????????????????-600x600.jpg,bread,0
paris_baguette,0,64겹골든페스츄리,https://www.paris.co.kr/wp-content/uploads/572833_ORD.jpg,bread,0
paris_baguette,0,팥이팅!소보루도넛,https://www.paris.co.kr/wp-content/uploads/201217_??????????????-600x600.jpg,bread,0
paris_baguette,0,쫄깃한토종효모빵(미니),https://www.paris.co.kr/wp-content/uploads/201230_????????????????-600x600.jpg,bread,0
paris_baguette,0,롤치즈식빵,https://www.paris.co.kr/wp-content/uploads/300366-1.png,bread,0
paris_baguette,0,촉촉한 초코데니쉬롤,https://www.paris.co.kr/wp-content/uploads/210303_??????????????????-600x600.jpg,bread,0
paris_baguette,0,프렌치바게뜨,https://www.paris.co.kr/wp-content/uploads/210105_?????????????-600x600.jpg,bread,0
paris_baguette,0,스위트밀크롤,https://www.paris.co.kr/wp-content/uploads/200716_????????????-600x600.jpg,bread,0
paris_baguette,0,크림치즈시나몬롤,https://www.paris.co.kr/wp-content/uploads/200716_???????????????????-600x600.jpg,bread,0
paris_baguette,0,파리의 바게뜨,https://www.paris.co.kr/wp-content/uploads/200717_????????????-600x600.jpg,bread,0
paris_baguette,0,진한우유식빵,https://www.paris.co.kr/wp-content/uploads/milkbread-600x600.jpg,bread,0
paris_baguette,0,촉촉한 치즈케익,https://www.paris.co.kr/wp-content/uploads/2019/11/191105_1_910198-600x600.jpg,bread,0
paris_baguette,0,굿모닝롤,https://www.paris.co.kr/wp-content/uploads/2019/11/191105_1_110004-600x600.jpg,bread,0
paris_baguette,0,왕크림도넛,https://www.paris.co.kr/wp-content/uploads/2020/01/200107_303238574411_1-600x600.jpg,bread,0
paris_baguette,0,칠리꽃맛살고로케,https://www.paris.co.kr/wp-content/uploads/200630_????????????????????-600x600.jpg,bread,0
paris_baguette,0,치즈감자베이컨바게뜨,https://www.paris.co.kr/wp-content/uploads/????????????????-600x600.jpg,bread,0
paris_baguette,0,화이트 치즈볼,https://www.paris.co.kr/wp-content/uploads/200717_?????????????-600x600.jpg,bread,0
paris_baguette,0,치즈 듬뿍 어니언,https://www.paris.co.kr/wp-content/uploads/200310_?????????????????_??????-600x600.jpg,bread,0
paris_baguette,0,강원도 옥수수로 만든 옥수수빵,https://www.paris.co.kr/wp-content/uploads/200527_??????????????????????????????????????????-600x600.jpg,bread,0
paris_baguette,0,찰옥수수 소보루 크림빵,https://www.paris.co.kr/wp-content/uploads/110208.png,bread,0
paris_baguette,0,건강한 곡물롤,https://www.paris.co.kr/wp-content/uploads/2019/12/191101_1-600x600.jpg,bread,0
paris_baguette,0,건포도토종효모빵,https://www.paris.co.kr/wp-content/uploads/201229_???????????????????-600x600.jpg,bread,0
paris_baguette,0,고구마건포도롤,https://www.paris.co.kr/wp-content/uploads/201224_????????????????-1-600x600.jpg,bread,0
paris_baguette,0,고구마앙금빵,https://www.paris.co.kr/wp-content/uploads/200716_???????????????-600x600.jpg,bread,0
paris_baguette,0,시나몬롤식빵,https://www.paris.co.kr/wp-content/uploads/201224_????????????????-600x600.jpg,bread,0
paris_baguette,0,플레인베이글피자,https://www.paris.co.kr/wp-content/uploads/???????????_1-600x600.jpg,bread,0
paris_baguette,0,진도해풍맞은쑥빵,https://www.paris.co.kr/wp-content/uploads/200527_???????????????????????????????-600x600.jpg,bread,0
paris_baguette,0,골든크림 메론빵,https://www.paris.co.kr/wp-content/uploads/200718_?????????-600x600.jpg,bread,0
paris_baguette,0,구름 크림빵,https://www.paris.co.kr/wp-content/uploads/201119_??????????????????????_02-600x600.jpg,bread,0
paris_baguette,0,통밀 가득 로만밀 브레드,https://www.paris.co.kr/wp-content/uploads/200304_??????????????_01-600x600.jpg,bread,0
paris_baguette,0,그린티 본델리슈,https://www.paris.co.kr/wp-content/uploads/2019/11/191023_1-3-600x600.jpg,bread,0
paris_baguette,0,까망베르 치즈후레쉬번,https://www.paris.co.kr/wp-content/uploads/2019/11/200206_?????????-?????????_2-600x600.jpg,bread,0
paris_baguette,0,꼬마카스테라,https://www.paris.co.kr/wp-content/uploads/200218_????????????_01-600x600.jpg,bread,0
paris_baguette,0,치즈달,https://www.paris.co.kr/wp-content/uploads/201210_???????-600x600.jpg,bread,0
paris_baguette,0,꽃맛살 고로케,https://www.paris.co.kr/wp-content/uploads/200630_???????????????-600x600.jpg,bread,0
paris_baguette,0,스위트 몽블랑,https://www.paris.co.kr/wp-content/uploads/2019/11/200210_???????????????_1-600x600.jpg,bread,0
paris_baguette,0,꽈배기 도넛,https://www.paris.co.kr/wp-content/uploads/2019/11/191023_1-4-600x600.jpg,bread,0
paris_baguette,0,치즈감자봉,https://www.paris.co.kr/wp-content/uploads/201222_????????????-600x600.png,bread,0
paris_baguette,0,양파치즈브레드,https://www.paris.co.kr/wp-content/uploads/201224_???????????????-600x600.jpg,bread,0
paris_baguette,0,로만밀 클래식 식빵,https://www.paris.co.kr/wp-content/uploads/2019/11/191022_1-1-600x600.jpg,bread,0
paris_baguette,0,크림치즈롤파이,https://www.paris.co.kr/wp-content/uploads/201224_????????????????-600x600.jpg,bread,0
paris_baguette,0,단팥 소보루빵 플러스,https://www.paris.co.kr/wp-content/uploads/201217_??????????????????????-600x600.jpg,bread,0
paris_baguette,0,단팥 도넛,https://www.paris.co.kr/wp-content/uploads/201229_???????????-600x600.jpg,bread,0
paris_baguette,0,단팥빵,https://www.paris.co.kr/wp-content/uploads/201126_??????????????????_01-600x600.jpg,bread,0
paris_baguette,0,단팥빵플러스,https://www.paris.co.kr/wp-content/uploads/201228_????????????????-600x600.jpg,bread,0
paris_baguette,0,단팥크림 코팡,https://www.paris.co.kr/wp-content/uploads/201229_?????-600x600.jpg,bread,0
paris_baguette,0,달콤한 고르곤졸라,https://www.paris.co.kr/wp-content/uploads/200717-?????????????????????-600x600.jpg,bread,0
paris_baguette,0,달콤한 꿀도넛,https://www.paris.co.kr/wp-content/uploads/201224_?????????????????-600x600.jpg,bread,0
paris_baguette,0,닭갈비 고로케,https://www.paris.co.kr/wp-content/uploads/200630_??????????????-600x600.jpg,bread,0
paris_baguette,0,담백하고 쫄깃한 뜯어먹는식빵,https://www.paris.co.kr/wp-content/uploads/201230_?????????????????-600x600.jpg,bread,0
paris_baguette,0,쫄깃한토종효모빵,https://www.paris.co.kr/wp-content/uploads/210104_?????????????????????-600x600.jpg,bread,0
paris_baguette,0,데니쉬식빵,https://www.paris.co.kr/wp-content/uploads/201230_????????????-600x600.jpg,bread,0
paris_baguette,0,버터 풍미 가득 꿀토스트,https://www.paris.co.kr/wp-content/uploads/????-?????-?????-?????????-600x600.jpg,bread,0
paris_baguette,0,버터 풍미 가득 쫄깃한 토스트,https://www.paris.co.kr/wp-content/uploads/버터-풍미-가득-쫄깃한-토스트-600x600.jpg,bread,0
paris_baguette,0,추억의 소시지빵,https://www.paris.co.kr/wp-content/uploads/201230_????????????????-600x600.jpg,bread,0
paris_baguette,0,찰진 호박 찜케익,https://www.paris.co.kr/wp-content/uploads/201230_????????-600x600.jpg,bread,0
paris_baguette,0,순수(秀) 우유 후레쉬번,https://www.paris.co.kr/wp-content/uploads/2019/11/191104_1_110211-600x600.jpg,bread,0
paris_baguette,0,돌돌말린소시지도넛,https://www.paris.co.kr/wp-content/uploads/210104_???????????????????????-600x600.jpg,bread,0
paris_baguette,0,옛날왕슈크림도넛,https://www.paris.co.kr/wp-content/uploads/201119_??????????????????????????????_01-600x600.jpg,bread,0
paris_baguette,0,초코 왕소라빵 플러스,https://www.paris.co.kr/wp-content/uploads/2019/11/choco-1-600x600.jpg,bread,0
paris_baguette,0,카스테라,https://www.paris.co.kr/wp-content/uploads/2019/11/191023_1_140006-600x600.jpg,bread,0
paris_baguette,0,딸기잼롤파이,https://www.paris.co.kr/wp-content/uploads/201230_????????????-600x600.jpg,bread,0
paris_baguette,0,땅콩크림빵,https://www.paris.co.kr/wp-content/uploads/2019/11/200107_110003_1-600x600.jpg,bread,0
paris_baguette,0,앙팡 마들렌,https://www.paris.co.kr/wp-content/uploads/200218_??????????????_01-400x400-1.jpg,bread,0
paris_baguette,0,콰트로 치즈 머핀,https://www.paris.co.kr/wp-content/uploads/201126_????????????????????????_01-600x600.jpg,bread,0
paris_baguette,0,초콜릿 머핀,https://www.paris.co.kr/wp-content/uploads/2019/11/191104_1_140164-600x600.jpg,bread,0
paris_baguette,0,포켓샌드 땅콩,https://www.paris.co.kr/wp-content/uploads/2019/11/191211_120041_2-600x600.jpg,bread,0
paris_baguette,0,오리지널 머핀,https://www.paris.co.kr/wp-content/uploads/2019/11/191104_1_140163-600x600.jpg,bread,0
paris_baguette,0,포켓샌드 딸기요거티,https://www.paris.co.kr/wp-content/uploads/2019/11/200107_????????????????????_120043-600x600.jpg,bread,0
paris_baguette,0,루피가 구워준 뽀롱뽀롱 마들렌 치즈,https://www.paris.co.kr/wp-content/uploads/210104_??????????????????????-600x600.jpg,bread,0
paris_baguette,0,쫄깃한 피자빵,https://www.paris.co.kr/wp-content/uploads/201210_????????????????-600x600.jpg,bread,0
paris_baguette,0,맘모스브레드,https://www.paris.co.kr/wp-content/uploads/200508_??????????_106-600x600.jpg,bread,0
paris_baguette,0,머스타드 양파빵,https://www.paris.co.kr/wp-content/uploads/201230_????????????????-600x600.jpg,bread,0
paris_baguette,0,멜팅치즈 핫도그,https://www.paris.co.kr/wp-content/uploads/200630_?????????????-600x600.jpg,bread,0
paris_baguette,0,명품 잡채 고로케,https://www.paris.co.kr/wp-content/uploads/2019/11/191022_1-2-600x600.jpg,bread,0
paris_baguette,0,모닝바게뜨,https://www.paris.co.kr/wp-content/uploads/574407.jpg,bread,0
paris_baguette,0,모닝토스트,https://www.paris.co.kr/wp-content/uploads/200218_???????????_01-600x600.jpg,bread,0
paris_baguette,0,모찌모찌치즈스틱,https://www.paris.co.kr/wp-content/uploads/201119_??????????????????????????_01-600x600.jpg,bread,0
paris_baguette,0,아다지오 모카빵,https://www.paris.co.kr/wp-content/uploads/2019/11/200210_???????_1-600x600.jpg,bread,0
paris_baguette,0,우유가좋은뽀로로케익,https://www.paris.co.kr/wp-content/uploads/201230_???????????????????????-1-600x600.jpg,bread,0
paris_baguette,0,목초란으로 만든 핑거스틱,https://www.paris.co.kr/wp-content/uploads/200304_??????????_01-600x600.jpg,bread,0
paris_baguette,0,우리찹쌀모카찰떡빵,https://www.paris.co.kr/wp-content/uploads/201230_???????????????????????-600x600.jpg,bread,0
paris_baguette,0,찹쌀페스츄리도넛,https://www.paris.co.kr/wp-content/uploads/210104_???????????????????-600x600.jpg,bread,0
paris_baguette,0,플레인베이글,https://www.paris.co.kr/wp-content/uploads/201217_???????????????-600x600.jpg,bread,0
paris_baguette,0,진한초코브레드,https://www.paris.co.kr/wp-content/uploads/201230_????????????????-600x600.jpg,bread,0
paris_baguette,0,한입에 두번 반한 단팥크림빵,https://www.paris.co.kr/wp-content/uploads/201126_??????????????????????????????????????????_01-600x600.jpg,bread,0
paris_baguette,0,밀크크림브레드,https://www.paris.co.kr/wp-content/uploads/200221_?????????????????_1-600x600.jpg,bread,0
paris_baguette,0,치즈인치즈,https://www.paris.co.kr/wp-content/uploads/210104_???????????-600x600.jpg,bread,0
paris_baguette,0,단호박검은깨식빵,https://www.paris.co.kr/wp-content/uploads/2019/11/200206__1-1-600x600.jpg,bread,0
paris_baguette,0,초코츄잉스타,https://www.paris.co.kr/wp-content/uploads/210104_?????????????-600x600.jpg,bread,0
paris_baguette,0,완두앙금빵,https://www.paris.co.kr/wp-content/uploads/2019/11/191008_1-6-600x600.jpg,bread,0
paris_baguette,0,미니찹쌀도넛,https://www.paris.co.kr/wp-content/uploads/210104_???????????????-600x600.jpg,bread,0
paris_baguette,0,미니초코칩트위스트,https://www.paris.co.kr/wp-content/uploads/201222_???????????????????-600x600.png,bread,0
paris_baguette,0,아다지오 커피번,https://www.paris.co.kr/wp-content/uploads/2019/11/200210_???????_1-600x600.jpg,bread,0
paris_baguette,0,미니크라상,https://www.paris.co.kr/wp-content/uploads/201217_???????????-600x600.jpg,bread,0
paris_baguette,0,소시지빵,https://www.paris.co.kr/wp-content/uploads/210104_?????????-600x600.jpg,bread,0
paris_baguette,0,후레쉬 크림샌드빵,https://www.paris.co.kr/wp-content/uploads/후레쉬크림샌드빵-1-550x600.jpg,bread,0
paris_baguette,0,크림치즈찹쌀도넛,https://www.paris.co.kr/wp-content/uploads/210104_????????????????????-600x600.jpg,bread,0
paris_baguette,0,쫄깃한찹쌀스틱,https://www.paris.co.kr/wp-content/uploads/??????????????????-??????-?????_-600x600.jpg,bread,0
paris_baguette,0,찹쌀앙금빵,https://www.paris.co.kr/wp-content/uploads/201222_???????????????-600x600.png,bread,0
paris_baguette,0,초코칩트위스트,https://www.paris.co.kr/wp-content/uploads/201119_????????????????????????_01-600x600.jpg,bread,0
paris_baguette,0,바게뜨,https://www.paris.co.kr/wp-content/uploads/570318.jpg,bread,0
paris_baguette,0,촉촉한 고구마케익,https://www.paris.co.kr/wp-content/uploads/210104_????????????????????-600x600.jpg,bread,0
paris_baguette,0,앙버터 스콘,https://www.paris.co.kr/wp-content/uploads/201222_????????????-600x600.jpg,bread,0
paris_baguette,0,바나나가좋은에디케익,https://www.paris.co.kr/wp-content/uploads/201230_???????????????????????-600x600.jpg,bread,0
paris_baguette,0,클래식 핫도그,https://www.paris.co.kr/wp-content/uploads/210104_???????????????-600x600.jpg,bread,0
paris_baguette,0,달콤고소한밤롤브레드,https://www.paris.co.kr/wp-content/uploads/201228_??????????????????????-600x600.jpg,bread,0
paris_baguette,0,밤식빵,https://www.paris.co.kr/wp-content/uploads/201229_??????ㅏ-600x600.jpg,bread,0
paris_baguette,0,흑당 가득품은 호떡,https://www.paris.co.kr/wp-content/uploads/200304_???????????_01-600x600.jpg,bread,0
paris_baguette,0,파리의갈릭바게뜨,https://www.paris.co.kr/wp-content/uploads/201230_??????????????????-600x600.jpg,bread,0
paris_baguette,0,촉촉함을 담은 쫄깃한 식빵,https://www.paris.co.kr/wp-content/uploads/2019/11/PRODUCT_image_???????????????.jpg,bread,0
paris_baguette,0,쫄깃한왕꽈배기,https://www.paris.co.kr/wp-content/uploads/201230_??????????????????-600x600.jpg,bread,0
paris_baguette,0,부드러운 연유브레드,https://www.paris.co.kr/wp-content/uploads/201230_???????????-600x600.jpg,bread,0
paris_baguette,0,치즈소시지페스츄리,https://www.paris.co.kr/wp-content/uploads/200310_??????????????????_1-600x600.jpg,bread,0
paris_baguette,0,추억의옥수수카스테라,https://www.paris.co.kr/wp-content/uploads/201229_????????-600x600.jpg,bread,0
paris_baguette,0,크림치즈호두빵,https://www.paris.co.kr/wp-content/uploads/201222_????????????????-600x600.png,bread,0
paris_baguette,0,소라파이,https://www.paris.co.kr/wp-content/uploads/2019/11/200206__1-2-600x600.jpg,bread,0
paris_baguette,0,정통크라상,https://www.paris.co.kr/wp-content/uploads/2019/11/191007_1-3-600x600.jpg,bread,0
paris_baguette,0,블루베리머핀,https://www.paris.co.kr/wp-content/uploads/201126_?????????????????????_01-600x600.jpg,bread,0
paris_baguette,0,블루베리 베이글,https://www.paris.co.kr/wp-content/uploads/201222_????????????????-600x600.jpg,bread,0
paris_baguette,0,허니본델리슈,https://www.paris.co.kr/wp-content/uploads/2019/11/191023_1-5-600x600.jpg,bread,0
paris_baguette,0,카스테라구마,https://www.paris.co.kr/wp-content/uploads/201228_????????????-600x600.jpg,bread,0
paris_baguette,0,에디가 구워준 뽀롱뽀롱 초코 마들렌,https://www.paris.co.kr/wp-content/uploads/210104_????????????-600x600.jpg,bread,0
paris_baguette,0,스위트밀크식빵,https://www.paris.co.kr/wp-content/uploads/570090.jpg,bread,0
paris_baguette,0,옥수수 식빵,https://www.paris.co.kr/wp-content/uploads/옥수수식빵-600x600.jpg,bread,0
paris_baguette,0,후레쉬식빵,https://www.paris.co.kr/wp-content/uploads/210625_PB후레쉬식빵패키지-600x600.jpg,bread,0
paris_baguette,0,쫄깃한 찰떡맘모스,https://www.paris.co.kr/wp-content/uploads/??????????????????????-600x600.jpg,bread,0
paris_baguette,0,아몬드모닝,https://www.paris.co.kr/wp-content/uploads/210104_????????????-600x600.jpg,bread,0
paris_baguette,0,뽀드득 그릴 소시지,https://www.paris.co.kr/wp-content/uploads/201228_??????????????????-600x600.jpg,bread,0
paris_baguette,0,뽀로로가 좋아하는 딸기 키즈케익,https://www.paris.co.kr/wp-content/uploads/210104_??????-?????-?????????-600x600.jpg,bread,0
paris_baguette,0,뽀로로가 좋아하는 뽀롱뽀롱 마들렌,https://www.paris.co.kr/wp-content/uploads/210104_????????-??????????????????-600x600.jpg,bread,0
paris_baguette,0,소보루빵,https://www.paris.co.kr/wp-content/uploads/2019/11/191008_1-5-600x600.jpg,bread,0
paris_baguette,0,쫀득쫀득한 찰깨빵,https://www.paris.co.kr/wp-content/uploads/201228_????????????????????-600x600.jpg,bread,0
paris_baguette,0,앙버터치아바타,https://www.paris.co.kr/wp-content/uploads/201228_???????????????-600x600.jpg,bread,0
paris_baguette,0,초코소라빵,https://www.paris.co.kr/wp-content/uploads/201126_????????????????????_01-1-600x600.jpg,bread,0
paris_baguette,0,사각피자빵,https://www.paris.co.kr/wp-content/uploads/201228_????????????-600x600.jpg,bread,0
paris_baguette,0,후레쉬크림빵,https://www.paris.co.kr/wp-content/uploads/201126_???????????????????????_01-600x600.jpg,bread,0
paris_baguette,0,크로크무슈 토스트,https://www.paris.co.kr/wp-content/uploads/210104_????????????????-600x600.jpg,bread,0
paris_baguette,0,슈크림빵,https://www.paris.co.kr/wp-content/uploads/2019/11/200210_??????????_1-600x600.jpg,bread,0
paris_baguette,0,찹쌀도넛,https://www.paris.co.kr/wp-content/uploads/2019/11/191008_1-7-600x600.jpg,bread,0
paris_baguette,0,카페모카 케이크,https://www.paris.co.kr/wp-content/uploads/카페-모카-케이크-600x600.jpg,cake,0
paris_baguette,0,클래식 모카 케이크,https://www.paris.co.kr/wp-content/uploads/211005_PB카카오선물_클래식모카케이크_1280-600x600.jpg,cake,0
paris_baguette,0,클래식 치즈케이크,/data/product-old/,cake,0
paris_baguette,0,블랙포레스트 케이크,https://www.paris.co.kr/wp-content/uploads/210902_PB-카카오선물-블랙포레스트케이크_10-600x600.jpg,cake,0
paris_baguette,0,가나슈 초콜릿 케이크,https://www.paris.co.kr/wp-content/uploads/210902_PB-카카오선물-가나슈초콜릿케이크_11-600x600.jpg,cake,0
paris_baguette,0,초코바닐라 마블쉬폰,https://www.paris.co.kr/wp-content/uploads/210810_PB카카오선물-초코바닐라마블쉬폰케이크-600x600.jpg,cake,0
paris_baguette,0,어머나! 생일-챙겨 펭수,https://www.paris.co.kr/wp-content/uploads/210930_PB어머나생일챙겨펭수케이크-1280-600x600.jpg,cake,0
paris_baguette,0,블랙포레스트 초코쉬폰,https://www.paris.co.kr/wp-content/uploads/210930_PB블랙포레스트-초코쉬폰케이크-1280-600x600.jpg,cake,0
paris_baguette,0,바닷속 뚜루루뚜루 상어가족,https://www.paris.co.kr/wp-content/uploads/210930_PB바닷속뚜루루뚜루상어가족-1280-600x600.jpg,cake,0
paris_baguette,0,초코랑 초코케이크,https://www.paris.co.kr/wp-content/uploads/210930_PB초코랑초코케이크-1280-600x600.jpg,cake,0
paris_baguette,0,안녕 난 루피야,https://www.paris.co.kr/wp-content/uploads/210930_PB안녕난루피야-1280-600x600.jpg,cake,0
paris_baguette,0,순수(秀)우유 케이크,https://www.paris.co.kr/wp-content/uploads/210512_홈페이지PB순수우유마카롱데코-600x600.jpg,cake,0
paris_baguette,0,쿠키앤크림 케이크,https://www.paris.co.kr/wp-content/uploads/210930_PB쿠키앤크림케이크-1280-600x600.jpg,cake,0
paris_baguette,0,우리당근 미니케이크,https://www.paris.co.kr/wp-content/uploads/210930_PB우리당근미니케이크-1280-600x600.jpg,cake,0
paris_baguette,0,우리당근 케이크,https://www.paris.co.kr/wp-content/uploads/210930_PB우리당근케이크-1280-600x600.jpg,cake,0
paris_baguette,0,샹들리에 케이크,https://www.paris.co.kr/wp-content/uploads/210930_PB샹들리에케이크-1280-600x600.jpg,cake,0
paris_baguette,0,사파리 친구들 케이크,https://www.paris.co.kr/wp-content/uploads/210930_PB사파리프렌즈-1280-600x600.jpg,cake,0
paris_baguette,0,나노 펭수 케이크,https://www.paris.co.kr/wp-content/uploads/SNS-?????????-??????.png,cake,0
paris_baguette,0,네덜란드에 간 트래블러 뽀로로,https://www.paris.co.kr/wp-content/uploads/?????????????????????-1-600x600.png,cake,0
paris_baguette,0,해변가에서 노래하는 핑크퐁과 상어친구들,https://www.paris.co.kr/wp-content/uploads/201223_???????????-?????????-600x600.jpg,cake,0
paris_baguette,0,마스카포네 티라미수,https://www.paris.co.kr/wp-content/uploads/211005_PB카카오선물_마스카포네티라미수_1280-600x600.jpg,cake,0
paris_baguette,0,블루베리요거트 듬뿍케이크,https://www.paris.co.kr/wp-content/uploads/200629_???????????????-600x600.jpg,cake,0
paris_baguette,0,클라우드9 티라미수,https://www.paris.co.kr/wp-content/uploads/200602_?????????9-600x600.jpg,cake,0
paris_baguette,0,마이넘버원 3,https://www.paris.co.kr/wp-content/uploads/????????????3-1-600x600.jpg,cake,0
paris_baguette,0,스노우화이트치즈케이크,https://www.paris.co.kr/wp-content/uploads/200220_끼리치즈케익1280-600x600.jpg,cake,0
paris_baguette,0,(15CM)듬뿍생딸기생크림케이크,https://www.paris.co.kr/wp-content/uploads/200220_????????-??????-600x600.jpg,cake,0
paris_baguette,0,(12CM)듬뿍생딸기우유생크림케이크,https://www.paris.co.kr/wp-content/uploads/200224_??????????????-??????-600x600.jpg,cake,0
paris_baguette,0,더욱촉촉해진 행복해 블루베리케이크,https://www.paris.co.kr/wp-content/uploads/2020/01/200108_170524_1280-600x600.jpg,cake,0
paris_baguette,0,고구마가 반한 티라미수,https://www.paris.co.kr/wp-content/uploads/2019/11/200102_170474-600x600.jpg,cake,0
paris_baguette,0,고구마케이크,https://www.paris.co.kr/wp-content/uploads/2019/11/191218_579029-600x600.jpg,cake,0
paris_baguette,0,세븐컬러스 조각케이크,https://www.paris.co.kr/wp-content/uploads/210930_PB세븐컬러스조각케이크-1280-600x600.jpg,cake,0
paris_baguette,0,내가찾던 카페모카 가족,https://www.paris.co.kr/wp-content/uploads/2019/11/200106_130150-600x600.jpg,cake,0
paris_baguette,0,내가찾던 카페모카 커플,https://www.paris.co.kr/wp-content/uploads/2019/11/200106_-600x600.jpg,cake,0
paris_baguette,0,더욱 진한 행복해 티라미수케이크,https://www.paris.co.kr/wp-content/uploads/210930_PB더욱진한행복해티라미수케이크-1280-600x600.jpg,cake,0
paris_baguette,0,트윙클 에뚜아르 쇼콜라,https://www.paris.co.kr/wp-content/uploads/210902_PB-카카오선물-트윙클에뚜아르쇼콜라-600x600.jpg,cake,0
paris_baguette,0,딸기&치즈 조각케이크,https://www.paris.co.kr/wp-content/uploads/201223_???????????????????-600x600.jpg,cake,0
paris_baguette,0,초코반딸기반케이크,https://www.paris.co.kr/wp-content/uploads/2019/11/200106_170424-600x600.jpg,cake,0
paris_baguette,0,치즈반 티라미수반,https://www.paris.co.kr/wp-content/uploads/210827_PB-카카오이미지-치즈반-티라미수반_01-600x600.jpg,cake,0
paris_baguette,0,클래식 치즈케이크,https://www.paris.co.kr/wp-content/uploads/211005_PB카카오선물_클래식치즈케이크_1280-600x600.jpg,cake,0
paris_baguette,0,라인프렌즈 브라운,https://www.paris.co.kr/wp-content/uploads/191226_???????????????????_130180-600x600.jpg,cake,0
paris_baguette,0,라인프렌즈 코니,https://www.paris.co.kr/wp-content/uploads/191226_????????????????_130181-600x600.jpg,cake,0
paris_baguette,0,러브러브초코,https://www.paris.co.kr/wp-content/uploads/2019/11/191218_130125-600x600.jpg,cake,0
paris_baguette,0,호두아몬드파티,https://www.paris.co.kr/wp-content/uploads/2019/11/200102_130143-600x600.jpg,cake,0
paris_baguette,0,러블리 스윗하트,https://www.paris.co.kr/wp-content/uploads/210902_PB-카카오선물-러블리스윗하트-600x600.jpg,cake,0
paris_baguette,0,리얼 후레쉬 베리 케이크,https://www.paris.co.kr/wp-content/uploads/210105_???????????????-600x600.jpg,cake,0
paris_baguette,0,리얼 후레쉬 베리 케이크 (L),https://www.paris.co.kr/wp-content/uploads/210105_???????????????_L-600x600.jpg,cake,0
paris_baguette,0,리얼후레쉬 가든 케이크,https://www.paris.co.kr/wp-content/uploads/201211_?????????????????????-600x600.jpg,cake,0
paris_baguette,0,리얼후레쉬 가든 케이크 (L),https://www.paris.co.kr/wp-content/uploads/201211_?????????????????????L-600x600.jpg,cake,0
paris_baguette,0,마카롱모카파티,https://www.paris.co.kr/wp-content/uploads/2019/11/200102_130062-600x600.jpg,cake,0
paris_baguette,0,초코에 빠진 마카롱,https://www.paris.co.kr/wp-content/uploads/210827_PB-카카오이미지-초코에빠진마카롱_01-600x600.jpg,cake,0
paris_baguette,0,오후의 마카롱모카,https://www.paris.co.kr/wp-content/uploads/2019/11/200102_130105-600x600.jpg,cake,0
paris_baguette,0,카카오앤딸기 레이어 케이크,https://www.paris.co.kr/wp-content/uploads/210827_PB-카카오이미지-카카오앤딸기레이어케이크_04-600x600.jpg,cake,0
paris_baguette,0,무지개와 노래하는 뽀로로,https://www.paris.co.kr/wp-content/uploads/201223_???????????????????????-600x600.jpg,cake,0
paris_baguette,0,미니카페케이크,https://www.paris.co.kr/wp-content/uploads/2019/11/191218_130098-600x600.jpg,cake,0
paris_baguette,0,상큼한 블루베리 쉬폰,https://www.paris.co.kr/wp-content/uploads/210930_PB상큼한블루베리쉬폰-1280-600x600.jpg,cake,0
paris_baguette,0,벨기에 밀크쇼콜라,https://www.paris.co.kr/wp-content/uploads/201223_???????????-600x600.jpg,cake,0
paris_baguette,0,벨기에 화이트초코3호,https://www.paris.co.kr/wp-content/uploads/201223_?????????????-3??-600x600.jpg,cake,0
paris_baguette,0,클래식 치즈 케이크,https://www.paris.co.kr/wp-content/uploads/210915_PB홈페이지용수플레치즈케이크-600x600.jpg,cake,0
paris_baguette,0,봉쥬르쇼콜라,https://www.paris.co.kr/wp-content/uploads/2019/11/191231_130156-600x600.jpg,cake,0
paris_baguette,0,스페셜2호,https://www.paris.co.kr/wp-content/uploads/2019/11/191223_130011-600x600.jpg,cake,0
paris_baguette,0,부드러운 호박고구마케이크,https://www.paris.co.kr/wp-content/uploads/??????????????????????????.jpg,cake,0
paris_baguette,0,할리피뇨 필리치즈 샌드위치,https://www.paris.co.kr/wp-content/uploads/210813_PB-필리치즈-샌드위치-600x600.jpg,sandwich_salad,0
paris_baguette,0,야채듬뿍 에그돈까스토스트,https://www.paris.co.kr/wp-content/uploads/210914_PB야채듬뿍-에그돈까스토스트-600x600.jpg,sandwich_salad,0
paris_baguette,0,에그돈까스토스트,https://www.paris.co.kr/wp-content/uploads/210914_PB에그돈까스토스트-600x600.jpg,sandwich_salad,0
paris_baguette,0,건강한 플랜트불고기 샐러드랩,https://www.paris.co.kr/wp-content/uploads/홈페이지웹용210916_PB건강한플랜트불고기샐러드랩_02-600x600.jpg,sandwich_salad,0
paris_baguette,0,로제치킨포카챠,https://www.paris.co.kr/wp-content/uploads/210930_PB로제치킨포카챠-1280-600x600.jpg,sandwich_salad,0
paris_baguette,0,토마토가 방울방울,https://www.paris.co.kr/wp-content/uploads/210930_PB토마토가방울방울-1280-600x600.jpg,sandwich_salad,0
paris_baguette,0,로스트 치킨 브레스트,https://www.paris.co.kr/wp-content/uploads/210930_PB로스트치킨브레스트-1280-600x600.jpg,sandwich_salad,0
paris_baguette,0,델리셔스 불고기 크리스피오트 샐러드,https://www.paris.co.kr/wp-content/uploads/210930_PB델리셔스불고기크리스피오트샐러드-1280-600x600.jpg,sandwich_salad,0
paris_baguette,0,델리셔스 쉬림프 퀴노아 샐러드,https://www.paris.co.kr/wp-content/uploads/210930_PB델리셔스쉬림프퀴노아샐러드-1280-600x600.jpg,sandwich_salad,0
paris_baguette,0,델리셔스 시저치킨 렌틸콩 샐러드,https://www.paris.co.kr/wp-content/uploads/210930_PB델리셔스시저치킨렌틸콩샐러드-1280-600x600.jpg,sandwich_salad,0
paris_baguette,0,아보카도 쉬림프 샐러드,https://www.paris.co.kr/wp-content/uploads/210930_PB아보카도쉬림프샐러드-1280-600x600.jpg,sandwich_salad,0
paris_baguette,0,소시지브런치랩,https://www.paris.co.kr/wp-content/uploads/210930_PB소시지브런치랩-1280-600x600.jpg,sandwich_salad,0
paris_baguette,0,몬테크리스토샌드위치,https://www.paris.co.kr/wp-content/uploads/210930_PB몬테크리스토샌드위치-1280-600x600.jpg,sandwich_salad,0
paris_baguette,0,델리셔스 건강한 토종효모빵 햄&에그 샌드위치,https://www.paris.co.kr/wp-content/uploads/210930_PB델리셔스건강한토종효모빵햄에그-샌드위치-1280-600x600.jpg,sandwich_salad,0
paris_baguette,0,굿모닝 해쉬 머핀,https://www.paris.co.kr/wp-content/uploads/210315_홈페이지굿모닝해쉬머핀1280-600x600.jpg,sandwich_salad,0
paris_baguette,0,봉쥬르 그라탕 샌드위치,https://www.paris.co.kr/wp-content/uploads/210317_???????????????????????-600x600.jpg,sandwich_salad,0
paris_baguette,0,추억의 햄에그사라다빵,https://www.paris.co.kr/wp-content/uploads/210309_홈페이지추억의-햄에그사라다빵-600x600.jpg,sandwich_salad,0
paris_baguette,0,델리셔스 오리엔탈 어니언 드레싱,https://www.paris.co.kr/wp-content/uploads/201208_?????????????????????????????????-600x600.jpg,sandwich_salad,0
paris_baguette,0,단백한끼 치킨 샐러드,https://www.paris.co.kr/wp-content/uploads/210201_???????????-?????-???????-600x600.jpg,sandwich_salad,0
paris_baguette,0,델리셔스 건강한 크랩 샐러드랩,https://www.paris.co.kr/wp-content/uploads/201222_????????????????????????-600x600.jpg,sandwich_salad,0
paris_baguette,0,델리셔스 비트&그린 샐러드,https://www.paris.co.kr/wp-content/uploads/201222_????????????????-600x600.jpg,sandwich_salad,0
paris_baguette,0,오렌지 치킨 샐러드(L),https://www.paris.co.kr/wp-content/uploads/201222_???????????????????L-600x600.jpg,sandwich_salad,0
paris_baguette,0,오렌지 치킨 샐러드(M),https://www.paris.co.kr/wp-content/uploads/201222_???????????????????-600x600.jpg,sandwich_salad,0
paris_baguette,0,델리셔스 부드러운 감자 샐러드,https://www.paris.co.kr/wp-content/uploads/201210_?????????????????-600x600.jpg,sandwich_salad,0
paris_baguette,0,델리셔스 담백한 참치 샐러드,https://www.paris.co.kr/wp-content/uploads/201210_????????????_?????-600x600.jpg,sandwich_salad,0
paris_baguette,0,델리셔스 고소한 에그 샐러드,https://www.paris.co.kr/wp-content/uploads/201210_????????????_????-600x600.jpg,sandwich_salad,0
paris_baguette,0,델리셔스 스위트 머스타드 드레싱,https://www.paris.co.kr/wp-content/uploads/201208_??????????????????????????????-600x600.jpg,sandwich_salad,0
paris_baguette,0,델리셔스 시저 드레싱,https://www.paris.co.kr/wp-content/uploads/201208_????????????????????-600x600.jpg,sandwich_salad,0
paris_baguette,0,델리셔스 발사믹 오일 드레싱,https://www.paris.co.kr/wp-content/uploads/210201_?????????????????????????????-600x600.jpg,sandwich_salad,0
paris_baguette,0,델리셔스 가든 샐러드,https://www.paris.co.kr/wp-content/uploads/201210_????????????-600x600.jpg,sandwich_salad,0
paris_baguette,0,델리셔스 그린 샐러드,https://www.paris.co.kr/wp-content/uploads/201210_????????????-600x600.jpg,sandwich_salad,0
paris_baguette,0,델리셔스 오늘하루 착한과일,https://www.paris.co.kr/wp-content/uploads/211109_PB오늘하루착한과일-600x600.png,sandwich_salad,0
paris_baguette,0,토마토를 올린 햄치즈 크라상,https://www.paris.co.kr/wp-content/uploads/201217_??????????????-600x600.jpg,sandwich_salad,0
paris_baguette,0,리코타치즈&치킨샐러드Mini,https://www.paris.co.kr/wp-content/uploads/200702_리코타치즈_치킨샐러드Mini_104-600x600.png,sandwich_salad,0
paris_baguette,0,치즈 듬뿍 바질 크로크무슈,https://www.paris.co.kr/wp-content/uploads/201210_???????????????-600x600.jpg,sandwich_salad,0
paris_baguette,0,건강한 치킨커틀릿 샐러드랩,https://www.paris.co.kr/wp-content/uploads/200629_?????????????????????????????????????-600x600.jpg,sandwich_salad,0
paris_baguette,0,에그 베이컨 토스트,https://www.paris.co.kr/wp-content/uploads/?????????????????-1-600x600.jpg,sandwich_salad,0
paris_baguette,0,파리의 토스트,https://www.paris.co.kr/wp-content/uploads/????????????-600x600.jpg,sandwich_salad,0
paris_baguette,0,그릴드 치킨 포카챠,https://www.paris.co.kr/wp-content/uploads/??????????????????-1-600x600.jpg,sandwich_salad,0
paris_baguette,0,3가지 맛 굿모닝 샌드위치,https://www.paris.co.kr/wp-content/uploads/200625_3????????????????????????-600x600.jpg,sandwich_salad,0
paris_baguette,0,B.E.L.T 샌드위치,https://www.paris.co.kr/wp-content/uploads/웹용201214_BELT샌드위치_가맹누끼-600x600.jpg,sandwich_salad,0
paris_baguette,0,BLT샌드위치,https://www.paris.co.kr/wp-content/uploads/200630_BLT-SW-600x600.jpg,sandwich_salad,0
paris_baguette,0,트러플오일 크로크무슈,https://www.paris.co.kr/wp-content/uploads/200629_??????????????????????-600x600.jpg,sandwich_salad,0
paris_baguette,0,쉬림프콥샐러드,https://www.paris.co.kr/wp-content/uploads/200723_???????-??????????-600x600.jpg,sandwich_salad,0
paris_baguette,0,통살치킨버거,https://www.paris.co.kr/wp-content/uploads/200630_???????????????-600x600.jpg,sandwich_salad,0
paris_baguette,0,케이준치킨샐러드,https://www.paris.co.kr/wp-content/uploads/200723_???????????????????-600x600.jpg,sandwich_salad,0
paris_baguette,0,로스트 치킨 샐러드,https://www.paris.co.kr/wp-content/uploads/200629_???????????????????????????-1-600x600.jpg,sandwich_salad,0
paris_baguette,0,단백질 듬뿍 로스트 치킨 샐러드 Mini,https://www.paris.co.kr/wp-content/uploads/200629_??????????????????????-1-600x600.jpg,sandwich_salad,0
paris_baguette,0,쫄깃한 토종효모빵 햄치즈 샌드위치,https://www.paris.co.kr/wp-content/uploads/200630_????????????????????????????SW-600x600.jpg,sandwich_salad,0
paris_baguette,0,델리셔스 통밀 햄에그 샌드위치,https://www.paris.co.kr/wp-content/uploads/200629_?????????????SW-600x600.jpg,sandwich_salad,0
paris_baguette,0,오리지널 시저 샐러드 Mini,https://www.paris.co.kr/wp-content/uploads/200629_????????????????????????-1-600x600.jpg,sandwich_salad,0
paris_baguette,0,디럭스 샌드위치,https://www.paris.co.kr/wp-content/uploads/200629_???????SW-600x600.jpg,sandwich_salad,0
paris_baguette,0,크랜베리치킨호밀샌드위치,https://www.paris.co.kr/wp-content/uploads/201014_???????????????????SW-1280x1280-1-600x600.jpg,sandwich_salad,0
paris_baguette,0,통밀에그샐러드 샌드위치,https://www.paris.co.kr/wp-content/uploads/??????????????????????????-600x600.jpg,sandwich_salad,0
paris_baguette,0,통밀햄에그 3단 샌드위치,https://www.paris.co.kr/wp-content/uploads/200629_?????????????3???-600x600.jpg,sandwich_salad,0
paris_baguette,0,오리지널시저샐러드,https://www.paris.co.kr/wp-content/uploads/200723_????????????????????-600x600.jpg,sandwich_salad,0
paris_baguette,0,런치 샌드위치,https://www.paris.co.kr/wp-content/uploads/200625_??????????????-600x600.jpg,sandwich_salad,0
paris_baguette,0,칠리크랩샌드위치,https://www.paris.co.kr/wp-content/uploads/200629_??????????SW-600x600.jpg,sandwich_salad,0
paris_baguette,0,리코타치즈&치킨샐러드,https://www.paris.co.kr/wp-content/uploads/200723_??????????????????????-600x600.jpg,sandwich_salad,0
paris_baguette,0,매콤 닭강정 샌드위치,https://www.paris.co.kr/wp-content/uploads/200625_??????????????-?????????-1-600x600.jpg,sandwich_salad,0
paris_baguette,0,오리지널햄에그머핀,https://www.paris.co.kr/wp-content/uploads/????????????-600x600.jpg,sandwich_salad,0
paris_baguette,0,통밀 디럭스 샌드위치,https://www.paris.co.kr/wp-content/uploads/200629_?????????????-SW-600x600.jpg,sandwich_salad,0
paris_baguette,0,모짜렐라 포카챠,https://www.paris.co.kr/wp-content/uploads/200630_???????????????-600x600.jpg,sandwich_salad,0
paris_baguette,0,에그쉬림프샌드위치,https://www.paris.co.kr/wp-content/uploads/200629_???????????SW-600x600.jpg,sandwich_salad,0
paris_baguette,0,크랜베리치킨롤샌드위치,https://www.paris.co.kr/wp-content/uploads/200629_?????????????????SW-600x600.jpg,sandwich_salad,0
paris_baguette,0,델리셔스 미니버거 샌드위치,https://www.paris.co.kr/wp-content/uploads/200625_????????-600x600.jpg,sandwich_salad,0
paris_baguette,0,미니버거샌드위치 믹스박스,https://www.paris.co.kr/wp-content/uploads/201210_??????????_-600x600.jpg,sandwich_salad,0
paris_baguette,0,쉬림프 토마토 포카챠,https://www.paris.co.kr/wp-content/uploads/2019/11/200120_-_1280-600x600.jpg,sandwich_salad,0
paris_baguette,0,호밀 샌드위치,https://www.paris.co.kr/wp-content/uploads/200629_?????SW-600x600.jpg,sandwich_salad,0
paris_baguette,0,에그듬뿍 햄치즈토스트,https://www.paris.co.kr/wp-content/uploads/200312-_670-600x600.jpg,sandwich_salad,0
paris_baguette,0,와사비크랩볼샌드위치,https://www.paris.co.kr/wp-content/uploads/201210_????????????????????-600x600.jpg,sandwich_salad,0
paris_baguette,0,코코넛 쉬림프 샐러드,https://www.paris.co.kr/wp-content/uploads/200723_???????-???????-???????-600x600.jpg,sandwich_salad,0
paris_baguette,0,통오트밀 에그포테이토 샌드위치,https://www.paris.co.kr/wp-content/uploads/200630_??????????-????????????-SW-600x600.jpg,sandwich_salad,0
paris_baguette,0,통오트밀 햄치즈 샌드위치,https://www.paris.co.kr/wp-content/uploads/200630_??????????-???????-?????????-600x600.jpg,sandwich_salad,0
paris_baguette,0,샐러드빵,https://www.paris.co.kr/wp-content/uploads/201210_??????????-600x600.jpg,sandwich_salad,0
paris_baguette,0,진저스냅스 오렌지,https://www.paris.co.kr/wp-content/uploads/진저스냅스-오렌지-600x600.jpg,present,0
paris_baguette,0,진저스냅스 바닐라,https://www.paris.co.kr/wp-content/uploads/진저스냅스-바닐라-600x600.jpg,present,0
paris_baguette,0,진저스냅스 (오리지널),https://www.paris.co.kr/wp-content/uploads/진저스냅스오리지널-600x600.jpg,present,0
paris_baguette,0,민트쿠키머랭,https://www.paris.co.kr/wp-content/uploads/211001_민트쿠키머랭-1280-600x600.jpg,present,0
paris_baguette,0,딸기콕콕머랭,https://www.paris.co.kr/wp-content/uploads/211001_딸기콕콕머랭-1280-600x600.jpg,present,0
paris_baguette,1,삼봤다! 꿀삼호두파이,https://www.paris.co.kr/wp-content/uploads/삼봤다-꿀삼-호두파이-600x600.jpg,present,0
paris_baguette,1,삼봤다! 꿀삼케익,https://www.paris.co.kr/wp-content/uploads/삼봤다-꿀삼케익_컨셉-600x600.jpg,present,0
paris_baguette,0,만월빵,https://www.paris.co.kr/wp-content/uploads/만월빵_컨셉-600x600.jpg,present,0
paris_baguette,0,명가명품 제주말차 카스테라,https://www.paris.co.kr/wp-content/uploads/200731_????????????????????-????????-?????????-??????_?????-600x600.jpg,present,0
paris_baguette,0,제주말차 롤케익,https://www.paris.co.kr/wp-content/uploads/200515_?????????????????_45-600x600.jpg,present,0
paris_baguette,0,정일품(正一品) 전병(대),https://www.paris.co.kr/wp-content/uploads/???????????????-600x600.jpg,present,0
paris_baguette,0,로스팅 호두로 더 고소한 호두파이,https://www.paris.co.kr/wp-content/uploads/2019/11/200203_호두_33-600x600.jpg,present,0
paris_baguette,0,콰트로 치즈 파운드,https://www.paris.co.kr/wp-content/uploads/200701_?????????????????????????????????????_15-600x600.jpg,present,0
paris_baguette,0,듀엣롤케익,https://www.paris.co.kr/wp-content/uploads/200703_??????????????????????-600x600.jpg,present,0
paris_baguette,0,화과자명가(대),https://www.paris.co.kr/wp-content/uploads/210915_PB홈페이지용화과자명가_대-600x600.jpg,present,0
paris_baguette,0,실키롤케익,https://www.paris.co.kr/wp-content/uploads/200709_?????????????-600x600.jpg,present,0
paris_baguette,0,시간의정성 진(眞)카스테라,https://www.paris.co.kr/wp-content/uploads/200129_???????????_01-400x400-1.jpg,present,0
paris_baguette,0,딸기바나나롤,https://www.paris.co.kr/wp-content/uploads/200703_????????????????????????????-????????????-600x600.jpg,present,0
paris_baguette,0,상큼레몬머랭,https://www.paris.co.kr/wp-content/uploads/210104_??????????-600x600.jpg,present,0
paris_baguette,0,카페모카롤케익,https://www.paris.co.kr/wp-content/uploads/200701_?????????????????????????_20-1-600x600.jpg,present,0
paris_baguette,0,씨쉘초콜릿(대),https://www.paris.co.kr/wp-content/uploads/201229_01_씨쉘초콜릿-대1280-600x600.jpg,present,0
paris_baguette,0,씨쉘초콜릿(중),https://www.paris.co.kr/wp-content/uploads/201229_01_씨쉘초콜릿-중1280-600x600.jpg,present,0
paris_baguette,0,씨쉘초콜릿(소),https://www.paris.co.kr/wp-content/uploads/201229_01_씨쉘초콜릿-소1280-600x600.jpg,present,0
paris_baguette,0,씨쉘초콜릿(미니),https://www.paris.co.kr/wp-content/uploads/201224_?????????????????-600x600.jpg,present,0
paris_baguette,0,명가명품 우리벌꿀카스테라,https://www.paris.co.kr/wp-content/uploads/200715_??????????????????????????????????????-600x600.jpg,present,0
paris_baguette,0,양갱미감,https://www.paris.co.kr/wp-content/uploads/200519_???????????_-600x600.jpg,present,0
paris_baguette,0,명가찹쌀떡(덕용),https://www.paris.co.kr/wp-content/uploads/210104_??????????????-600x600.jpg,present,0
paris_baguette,0,미니바움쿠헨,https://www.paris.co.kr/wp-content/uploads/201224_??????????????-600x600.jpg,present,0
paris_baguette,0,정통 파운드케익,https://www.paris.co.kr/wp-content/uploads/2019/11/200131__01-600x600.jpg,present,0
paris_baguette,0,화과자명가(소),https://www.paris.co.kr/wp-content/uploads/210915_PB홈페이지용화과자명가_소-600x600.jpg,present,0
paris_baguette,0,미스 베어,https://www.paris.co.kr/wp-content/uploads/201224_????????-600x600.jpg,present,0
paris_baguette,0,미스터 베어,https://www.paris.co.kr/wp-content/uploads/201224_??????????-600x600.jpg,present,0
paris_baguette,0,바삭한 우리 찹쌀 모나카,https://www.paris.co.kr/wp-content/uploads/200519_????????????????????????-600x600.jpg,present,0
paris_baguette,0,제주 한라봉 롤케익,https://www.paris.co.kr/wp-content/uploads/200619_?????????????????????????????_08-600x600.jpg,present,0
paris_baguette,0,벨지엄 쿠키세트,https://www.paris.co.kr/wp-content/uploads/201224_????????????????-600x600.jpg,present,0
paris_baguette,0,봉봉오쇼콜라(대),https://www.paris.co.kr/wp-content/uploads/200722_??????????????????????????-600x600.jpg,present,0
paris_baguette,0,봉봉오쇼콜라(중),https://www.paris.co.kr/wp-content/uploads/200722_???????????????????????????-600x600.jpg,present,0
paris_baguette,0,호두 파운드케익,https://www.paris.co.kr/wp-content/uploads/200623_?????????????????????????_51-600x600.jpg,present,0
paris_baguette,0,블루베리 듬뿍 롤케익,https://www.paris.co.kr/wp-content/uploads/200527_????????????????????????????????_01-600x600.jpg,present,0
paris_baguette,0,유자파운드케익,https://www.paris.co.kr/wp-content/uploads/200715_???????????????????????????????-600x600.jpg,present,0
paris_baguette,0,산딸기 듬뿍 롤케익,https://www.paris.co.kr/wp-content/uploads/200703_?????????-??????????????????????-600x600.jpg,present,0
paris_baguette,0,리얼 딸기 소르베,https://www.paris.co.kr/wp-content/uploads/딸기소르베-홈페이지-600x600.png,dessert,0
paris_baguette,0,프리미엄 아이스바 밀크&망고,https://www.paris.co.kr/wp-content/uploads/프리미엄-아이스바-밀크망고_2-1-600x600.jpg,dessert,0
paris_baguette,0,프리미엄 아이스바 생초코,https://www.paris.co.kr/wp-content/uploads/210930_PB프리미엄아이스바생초코-1280-600x600.jpg,dessert,0
paris_baguette,0,블루 아이스캔디,https://www.paris.co.kr/wp-content/uploads/210930_PB블루아이스캔디-1280-600x600.jpg,dessert,0
paris_baguette,0,우유 모나카 아이스크림,https://www.paris.co.kr/wp-content/uploads/210930_PB우유모나카-1280-600x600.jpg,dessert,0
paris_baguette,0,쁘띠만주,https://www.paris.co.kr/wp-content/uploads/211001_쁘띠만주-1280-600x600.jpg,dessert,0
paris_baguette,0,핑크솔티드 카라멜마카롱,https://www.paris.co.kr/wp-content/uploads/211001_핑크솔티드카라멜마카롱-1280-600x600.jpg,dessert,0
paris_baguette,0,화이트 요거트 콘 아이스크림,https://www.paris.co.kr/wp-content/uploads/화이트요거트아이스크림.png-그림판-600x600.jpg,dessert,0
paris_baguette,0,우리당근 미니케이크,https://www.paris.co.kr/wp-content/uploads/210930_PB우리당근미니케이크-1280-600x600.jpg,dessert,0
paris_baguette,0,민트초코 마카롱,https://www.paris.co.kr/wp-content/uploads/211001_민트초코마카롱-1280-600x600.jpg,dessert,0
paris_baguette,0,사르르 초코타르트,https://www.paris.co.kr/wp-content/uploads/210317_????????????????-1-600x600.jpg,dessert,0
paris_baguette,0,뉴욕치즈타르트,https://www.paris.co.kr/wp-content/uploads/210317_???????????????-1-600x600.jpg,dessert,0
paris_baguette,0,민트초코 마카롱 아이스크림,https://www.paris.co.kr/wp-content/uploads/210217_-???????????????????????????_1280-600x600.jpg,dessert,0
paris_baguette,0,딸기 마카롱,https://www.paris.co.kr/wp-content/uploads/210205_????????????-1-600x600.jpg,dessert,0
paris_baguette,0,망고 패션후르츠 프리미엄 컵,https://www.paris.co.kr/wp-content/uploads/??????_?????-600x600.jpg,dessert,0
paris_baguette,0,바닐라 솔티드 카라멜 프리미엄 컵,https://www.paris.co.kr/wp-content/uploads/??????_??????????????-600x600.jpg,dessert,0
paris_baguette,0,밀크 올 데이,https://www.paris.co.kr/wp-content/uploads/201222_?????????????????????-600x600.jpg,dessert,0
paris_baguette,0,요구르트 아이스캔디,https://www.paris.co.kr/wp-content/uploads/요구르트-아이스캔디-600x600.jpg,dessert,0
paris_baguette,0,그린티 컵,https://www.paris.co.kr/wp-content/uploads/200714_??????????-1-600x600.jpg,dessert,0
paris_baguette,0,초콜릿 컵,https://www.paris.co.kr/wp-content/uploads/200714_???????????-1-600x600.jpg,dessert,0
paris_baguette,0,사르르레어치즈타르트,https://www.paris.co.kr/wp-content/uploads/????????????????????-600x600.jpg,dessert,0
paris_baguette,0,더블 쇼콜라 쿠키,https://www.paris.co.kr/wp-content/uploads/210104_????????????????-600x600.jpg,dessert,0
paris_baguette,0,까망베르 & 체다치즈 쿠키,https://www.paris.co.kr/wp-content/uploads/210104_?????????????????????-600x600.jpg,dessert,0
paris_baguette,0,바닐라 아몬드 쿠키,https://www.paris.co.kr/wp-content/uploads/210104_??????????????????-600x600.jpg,dessert,0
paris_baguette,0,아이스 찹쌀떡 (녹차/코코넛/초코),https://www.paris.co.kr/wp-content/uploads/???????????????-600x600.jpg,dessert,0
paris_baguette,0,카페쇼콜라 콘아이스크림,https://www.paris.co.kr/wp-content/uploads/201222_-??????????????-600x600.jpg,dessert,0
paris_baguette,0,레피시에 딸기쨈,https://www.paris.co.kr/wp-content/uploads/210104_????????????????-600x600.jpg,dessert,0
paris_baguette,0,레피시에 블루베리믹스쨈,https://www.paris.co.kr/wp-content/uploads/210104_?????????????????????????-600x600.jpg,dessert,0
paris_baguette,0,레피시에 사과쨈,https://www.paris.co.kr/wp-content/uploads/210104_???????????????-600x600.jpg,dessert,0
paris_baguette,0,핑크퐁 젤리스틱,https://www.paris.co.kr/wp-content/uploads/210408_PB핑크퐁젤리스틱-600x600.jpg,dessert,0
paris_baguette,0,에그타르트,https://www.paris.co.kr/wp-content/uploads/200205_?????????-????????????-?????-??????????_1-600x600.jpg,dessert,0
paris_baguette,0,꿀자몽고메마카롱,https://www.paris.co.kr/wp-content/uploads/2019/11/200120__1280_1-600x600.jpg,dessert,0
paris_baguette,0,산딸기고메마카롱,https://www.paris.co.kr/wp-content/uploads/200217_???????????????????_65-600x600.jpg,dessert,0
paris_baguette,0,굿너츠,https://www.paris.co.kr/wp-content/uploads/210104_???????-600x600.jpg,dessert,0
paris_baguette,0,쿠키앤크림 마카롱,https://www.paris.co.kr/wp-content/uploads/200217_???????????????_80-600x600.jpg,dessert,0
paris_baguette,0,소피아토 웨이퍼롤스113g,https://www.paris.co.kr/wp-content/uploads/210105_????????-600x600.jpg,dessert,0
paris_baguette,0,녹차아이스캔디,https://www.paris.co.kr/wp-content/uploads/201222_-????????????????-600x600.jpg,dessert,0
paris_baguette,0,다크초콜릿 마카다미아 쿠키,https://www.paris.co.kr/wp-content/uploads/210104_??????????????????????-600x600.jpg,dessert,0
paris_baguette,0,더블퍼지 쿠키,https://www.paris.co.kr/wp-content/uploads/210104_?????????-600x600.jpg,dessert,0
paris_baguette,0,초코가 달콤한 시간,https://www.paris.co.kr/wp-content/uploads/201109_초코가달콤한시간_03-600x600.jpg,dessert,0
paris_baguette,0,커피아이스캔디,https://www.paris.co.kr/wp-content/uploads/201222_???????????????-1-600x600.jpg,dessert,0
paris_baguette,0,프루티캔디(소),https://www.paris.co.kr/wp-content/uploads/210104_?????????????-600x600.jpg,dessert,0
paris_baguette,0,프루티캔디(중),https://www.paris.co.kr/wp-content/uploads/210104_??????????????-600x600.jpg,dessert,0
paris_baguette,0,딸기아이스캔디,https://www.paris.co.kr/wp-content/uploads/201222_????????????????-1-600x600.jpg,dessert,0
paris_baguette,0,치즈가 부드러운 시간,https://www.paris.co.kr/wp-content/uploads/210412_PB치부시초달시_19-600x600.jpg,dessert,0
paris_baguette,0,크랜베리 월넛 쿠키,https://www.paris.co.kr/wp-content/uploads/210104_???????????????-600x600.jpg,dessert,0
paris_baguette,0,로투스 안나쿠키 (카푸치노),https://www.paris.co.kr/wp-content/uploads/210104_???????????????????????-600x600.jpg,dessert,0
paris_baguette,0,퍼지월넛 쿠키,https://www.paris.co.kr/wp-content/uploads/210104_??????????-600x600.jpg,dessert,0
paris_baguette,0,로투스 안나쿠키(오렌지),https://www.paris.co.kr/wp-content/uploads/210104_??????????????????????-600x600.jpg,dessert,0
paris_baguette,0,로투스 안나쿠키(진저),https://www.paris.co.kr/wp-content/uploads/210104_????????????????????-600x600.jpg,dessert,0
paris_baguette,0,롤리팝캔디(파핑블루핑크),/data/product-old/[12]캡처.JPG,dessert,0
paris_baguette,0,후르티아오젤리 망고,https://www.paris.co.kr/wp-content/uploads/210104_????????????????????-600x600.jpg,dessert,0
paris_baguette,0,후르티아오젤리 오렌지,https://www.paris.co.kr/wp-content/uploads/210104_??????????????????????-600x600.jpg,dessert,0
paris_baguette,0,롱스틱파이,https://www.paris.co.kr/wp-content/uploads/930053.jpg,dessert,0
paris_baguette,0,후르티아오젤리 석류,https://www.paris.co.kr/wp-content/uploads/210104_????????????????????-600x600.jpg,dessert,0
paris_baguette,0,리얼민트초코바,https://www.paris.co.kr/wp-content/uploads/민트초코바-600x600.jpg,dessert,0
paris_baguette,0,쿠키앤크림마카롱아이스크림,https://www.paris.co.kr/wp-content/uploads/쿠앤크-홈페이지-600x600.png,dessert,0
paris_baguette,0,메론아이스캔디,https://www.paris.co.kr/wp-content/uploads/201222_????????????????-600x600.jpg,dessert,0
paris_baguette,0,유자마카롱,https://www.paris.co.kr/wp-content/uploads/200217_???????????_48-600x600.jpg,dessert,0
paris_baguette,0,잉글리쉬 토피 쿠키,https://www.paris.co.kr/wp-content/uploads/210104_??????????????-600x600.jpg,dessert,0
paris_baguette,0,호두듬뿍타르트,https://www.paris.co.kr/wp-content/uploads/2019/11/200203__188-600x600.jpg,dessert,0
paris_baguette,0,밀크킹,/data/product-old/mking.jpg,dessert,0
paris_baguette,0,초코마카롱,https://www.paris.co.kr/wp-content/uploads/2019/11/200120_1280_1-3-600x600.jpg,dessert,0
paris_baguette,0,크림치즈플레인80g,https://www.paris.co.kr/wp-content/uploads/210105_?????????-600x600.jpg,dessert,0
paris_baguette,0,팥아이스캔디,https://www.paris.co.kr/wp-content/uploads/201222_-??????????????-1-600x600.jpg,dessert,0
paris_baguette,0,바닐라마카롱,https://www.paris.co.kr/wp-content/uploads/2019/11/200120__1280_1-2-600x600.jpg,dessert,0
paris_baguette,0,바닐라아이스캔디,https://www.paris.co.kr/wp-content/uploads/201222_??????????????????-600x600.jpg,dessert,0
paris_baguette,0,초코아이스캔디,https://www.paris.co.kr/wp-content/uploads/201222_???????????????-1-600x600.jpg,dessert,0
paris_baguette,0,벨기에 와플,https://www.paris.co.kr/wp-content/uploads/200714_????????????-600x600.jpg,dessert,0
paris_baguette,0,핑크퐁 롤리초코,/data/product-old/eumP203300@.jpg,dessert,0
paris_baguette,0,브라우니 쿠키,https://www.paris.co.kr/wp-content/uploads/210105_????????????-600x600.jpg,dessert,0
paris_baguette,0,로스팅 호두로 더 고소한 조각호두파이,https://www.paris.co.kr/wp-content/uploads/2019/11/200203__102-600x600.jpg,dessert,0
paris_baguette,0,블루베리마카롱,https://www.paris.co.kr/wp-content/uploads/2019/11/200120_1280_1-2-600x600.jpg,dessert,0
paris_baguette,0,보툰블록 어피치(복숭아),https://www.paris.co.kr/wp-content/uploads/보툰블록-어피치복숭아-600x600.jpg,drink,0
paris_baguette,0,보툰블록 네오(딸기오렌지),https://www.paris.co.kr/wp-content/uploads/보툰블록-네오딸기오렌지--600x600.jpg,drink,0
paris_baguette,0,보툰블록 라이언(청귤),https://www.paris.co.kr/wp-content/uploads/보툰블록-라이언청귤-600x600.jpg,drink,0
paris_baguette,0,청포도 스파클링 콤부차,https://www.paris.co.kr/wp-content/uploads/211001_청포도스파클링콤부차-1280-600x600.jpg,drink,0
paris_baguette,0,아이스 라떼는 밤이야,https://www.paris.co.kr/wp-content/uploads/211001_아이스라떼는밤이야-1280-600x600.jpg,drink,0
paris_baguette,0,라떼는 밤이야,https://www.paris.co.kr/wp-content/uploads/211001_라떼는밤이야-1280-600x600.jpg,drink,0
paris_baguette,0,콜드브루 디카페인,https://www.paris.co.kr/wp-content/uploads/211001_콜드브루디카페인RTD-600x600.jpg,drink,0
paris_baguette,0,콜드브루 시그니처,https://www.paris.co.kr/wp-content/uploads/211001_콜드브루시그니처RTD-600x600.jpg,drink,0
paris_baguette,0,플로럴 캐모마일,https://www.paris.co.kr/wp-content/uploads/211001_티트라플로럴캐모마일-600x600.jpg,drink,0
paris_baguette,0,오렌지 루이보스,https://www.paris.co.kr/wp-content/uploads/211001_티트라오렌지루이보스-600x600.jpg,drink,0
paris_baguette,0,윌크키즈우유,https://www.paris.co.kr/wp-content/uploads/211001_윌크키즈우유-1280-600x600.jpg,drink,0
paris_baguette,0,민트 초코 쉐이크,https://www.paris.co.kr/wp-content/uploads/211001_민트초코쉐이크-1280-600x600.jpg,drink,0
paris_baguette,0,청포도비타 스무디,https://www.paris.co.kr/wp-content/uploads/211001_청포도비타-1280-600x600.jpg,drink,0
paris_baguette,0,흑미보리차,https://www.paris.co.kr/wp-content/uploads/211001_흑미보리차-600x600.jpg,drink,0
paris_baguette,0,파인비타 스무디,https://www.paris.co.kr/wp-content/uploads/211001_파인비타스무디-1280-600x600.jpg,drink,0
paris_baguette,0,빅 아이스 아메리카노,https://www.paris.co.kr/wp-content/uploads/211001_빅아이스아메리카노-1280-600x600.jpg,drink,0
paris_baguette,0,밀크크림 아이스카페라떼,https://www.paris.co.kr/wp-content/uploads/211001_밀크크림아이스카페라떼-1280-600x600.jpg,drink,0
paris_baguette,0,밀크크림 아이스아메리카노,https://www.paris.co.kr/wp-content/uploads/211001_밀크크림아이스아메리카노-1280-600x600.jpg,drink,0
paris_baguette,0,딸기 자두 에이드,https://www.paris.co.kr/wp-content/uploads/211001_딸기자두에이드-1280-600x600.jpg,drink,0
paris_baguette,0,딸기바나나스무디,https://www.paris.co.kr/wp-content/uploads/211001_딸기바나나스무디-1280-600x600.jpg,drink,0
paris_baguette,0,아이스 우도 땅콩라떼,https://www.paris.co.kr/wp-content/uploads/210217_??????????????ICED-600x600.jpg,drink,0
paris_baguette,0,우도 땅콩라떼,https://www.paris.co.kr/wp-content/uploads/210217_??????????????HOT-600x600.jpg,drink,0
paris_baguette,0,체드라타(유자),https://www.paris.co.kr/wp-content/uploads/201208_????????-600x600.jpg,drink,0
paris_baguette,0,아란치아로싸(블러드오렌지),https://www.paris.co.kr/wp-content/uploads/201208-?????????????-600x600.jpg,drink,0
paris_baguette,0,베르가모또(베르가못),https://www.paris.co.kr/wp-content/uploads/201208-??????????-600x600.jpg,drink,0
paris_baguette,0,ABC클린,https://www.paris.co.kr/wp-content/uploads/ABC클린-600x600.jpg,drink,0
paris_baguette,0,뷰티풀오렌지&자몽,https://www.paris.co.kr/wp-content/uploads/뷰티풀오렌지-600x600.jpg,drink,0
paris_baguette,0,보툰블록 루피 믹스베리,https://www.paris.co.kr/wp-content/uploads/211001_보툰블록루피-1280-600x600.jpg,drink,0
paris_baguette,0,보툰블록 크롱(사과),https://www.paris.co.kr/wp-content/uploads/211001_보툰블록크롱-1280-600x600.png,drink,0
paris_baguette,0,보툰블록 뽀로로(트로피칼),https://www.paris.co.kr/wp-content/uploads/211001_보툰블록뽀로로-1280-600x600.jpg,drink,0
paris_baguette,0,HOT 흑당 달고나 라떼,https://www.paris.co.kr/wp-content/uploads/201125_hot?????????????????-600x600.jpg,drink,0
paris_baguette,0,아이스 인절미 크림라떼,https://www.paris.co.kr/wp-content/uploads/201008-????????????ice-600x600.jpg,drink,0
paris_baguette,0,인절미 크림라떼,https://www.paris.co.kr/wp-content/uploads/201008-????????????-600x600.jpg,drink,0
paris_baguette,0,아이스 밀크티 라떼,https://www.paris.co.kr/wp-content/uploads/201008-???????????ice-600x600.jpg,drink,0
paris_baguette,0,밀크티 라떼,https://www.paris.co.kr/wp-content/uploads/201008-???????????HOT-600x600.jpg,drink,0
paris_baguette,0,루이보스(오렌지보스),https://www.paris.co.kr/wp-content/uploads/201008-???????????????????-600x600.jpg,drink,0
paris_baguette,0,따청귤,https://www.paris.co.kr/wp-content/uploads/201008-????????-600x600.jpg,drink,0
paris_baguette,0,아이스 자색 고구마 라떼,https://www.paris.co.kr/wp-content/uploads/201008-???????????????ice-600x600.jpg,drink,0
paris_baguette,0,자색 고구마 라떼,https://www.paris.co.kr/wp-content/uploads/201008-????????????????HOT-600x600.jpg,drink,0
paris_baguette,0,딸기버블라떼,https://www.paris.co.kr/wp-content/uploads/??????????????-600x600.jpg,drink,0
paris_baguette,0,딸기요거트 쉐이크,https://www.paris.co.kr/wp-content/uploads/210104_?????????????????-600x600.jpg,drink,0
paris_baguette,0,블루베리 요거트 쉐이크,https://www.paris.co.kr/wp-content/uploads/201127_?????????????????????-600x600.jpg,drink,0
paris_baguette,0,시크릿쥬쥬 사과(PET),https://www.paris.co.kr/wp-content/uploads/200629_???????????????-600x600.jpg,drink,0
paris_baguette,0,흑당 달고나 커피,https://www.paris.co.kr/wp-content/uploads/200605_???????????-600x600.jpg,drink,0
paris_baguette,0,흑당 달고나 라떼,https://www.paris.co.kr/wp-content/uploads/200605_???????????-600x600.jpg,drink,0
paris_baguette,0,아이스 청귤티,https://www.paris.co.kr/wp-content/uploads/210201_??????????????-1-600x600.jpg,drink,0
paris_baguette,0,흑당 버블 라떼,https://www.paris.co.kr/wp-content/uploads/200605_???????????????-600x600.jpg,drink,0
paris_baguette,0,백자몽 스무디,https://www.paris.co.kr/wp-content/uploads/211001_백자몽스무디-1280-600x600.jpg,drink,0
paris_baguette,0,1인용 우유 팥빙수,https://www.paris.co.kr/wp-content/uploads/200615_????????????-600x600.jpg,drink,0
paris_baguette,0,Cheeky 복숭아티,https://www.paris.co.kr/wp-content/uploads/210105_??????????1280-600x600.jpg,drink,0
paris_baguette,0,CLA우유(밀크플러스)200ml,https://www.paris.co.kr/wp-content/uploads/200603_CLA????????????????200ml-600x600.jpg,drink,0
paris_baguette,0,CLA우유(밀크플러스)750ml,https://www.paris.co.kr/wp-content/uploads/200603_CLA????????????????750ml-600x600.jpg,drink,0
paris_baguette,0,O’EAU 생수,https://www.paris.co.kr/wp-content/uploads/O’EAU-생수-600x600.jpg,drink,0
paris_baguette,0,SoyU(쏘유) 검은콩,https://www.paris.co.kr/wp-content/uploads/200211_?????????????-600x600.jpg,drink,0
paris_baguette,0,SoyU(쏘유) 플레인,https://www.paris.co.kr/wp-content/uploads/200211_????????????-600x600.jpg,drink,0
paris_baguette,0,雪목장 유기농 요거트(450ml),https://www.paris.co.kr/wp-content/uploads/雪목장-유기농-요거트-600x600.jpg,drink,0
paris_baguette,0,시크릿쥬쥬 사과 (치어팩),https://www.paris.co.kr/wp-content/uploads/201223_????????????????-600x600.jpg,drink,0
paris_baguette,0,공룡메카드 오렌지 (PET),https://www.paris.co.kr/wp-content/uploads/201223_????????????-???????-600x600.jpg,drink,0
paris_baguette,0,꽃빙수(딸기망고),https://www.paris.co.kr/wp-content/uploads/200603_????????????????-600x600.jpg,drink,0
paris_baguette,0,꿀담은 거제유자,https://www.paris.co.kr/wp-content/uploads/200211_?????????????????-600x600.jpg,drink,0
paris_baguette,0,나츄나츄허니과즙(복숭아&망고),https://www.paris.co.kr/wp-content/uploads/200604_?????????????????????-600x600.jpg,drink,0
paris_baguette,0,나츄나츄허니과즙(파인애플&오렌지),https://www.paris.co.kr/wp-content/uploads/200604_????????????????????-600x600.jpg,drink,0
paris_baguette,0,우유 팥빙수,https://www.paris.co.kr/wp-content/uploads/201223_????????????-600x600.jpg,drink,0
paris_baguette,0,녹차(하동시스터즈),https://www.paris.co.kr/wp-content/uploads/201008-??????????HOT-600x600.jpg,drink,0
paris_baguette,0,녹차 라떼,https://www.paris.co.kr/wp-content/uploads/201008-?????????-600x600.jpg,drink,0
paris_baguette,0,카페아다지오 딥카라멜마끼아또,https://www.paris.co.kr/wp-content/uploads/200318_아다지오카라멜마끼야또-600x600.jpg,drink,0
paris_baguette,0,카페아다지오 에스프레소라떼,https://www.paris.co.kr/wp-content/uploads/200318_아다지오에스프레소라떼-600x600.jpg,drink,0
paris_baguette,0,카페아다지오 리치카페모카,https://www.paris.co.kr/wp-content/uploads/200603_????????????-600x600.jpg,drink,0
paris_baguette,0,데일리주스 오렌지,https://www.paris.co.kr/wp-content/uploads/0604_??????????????????-600x600.jpg,drink,0
paris_baguette,0,티스파클링 리프레쉬,https://www.paris.co.kr/wp-content/uploads/210105_????????????????????-600x600.jpg,drink,0
paris_baguette,0,아침&후레쉬우유 200㎖,https://www.paris.co.kr/wp-content/uploads/2019/11/200203_아침후레쉬우유200ml_01-600x600.jpg,drink,0
paris_baguette,0,데일리주스 자몽,https://www.paris.co.kr/wp-content/uploads/0604_????????????????-600x600.jpg,drink,0
paris_baguette,0,데일리주스 포도,https://www.paris.co.kr/wp-content/uploads/0610_???????????????-600x600.jpg,drink,0
paris_baguette,0,따유자,https://www.paris.co.kr/wp-content/uploads/201008-??????-600x600.jpg,drink,0
paris_baguette,0,따자몽,https://www.paris.co.kr/wp-content/uploads/201008-???????-600x600.jpg,drink,0
paris_baguette,0,아메리카노,https://www.paris.co.kr/wp-content/uploads/200406_HOT??????????-600x600.jpg,drink,0
paris_baguette,0,카페라떼,https://www.paris.co.kr/wp-content/uploads/200406_HOT????-600x600.jpg,drink,0
paris_baguette,0,아이스아메리카노,https://www.paris.co.kr/wp-content/uploads/??????????-600x600.jpg,drink,0
paris_baguette,0,딸기라떼,https://www.paris.co.kr/wp-content/uploads/201116-?????????-600x600.jpg,drink,0
paris_baguette,0,레몬 에이드,https://www.paris.co.kr/wp-content/uploads/201126-???????????-600x600.jpg,drink,0
paris_baguette,0,얼그레이(영그레이),https://www.paris.co.kr/wp-content/uploads/201008-?????????-600x600.jpg,drink,0
paris_baguette,0,아이스 초코,https://www.paris.co.kr/wp-content/uploads/201008-??????????-600x600.jpg,drink,0
paris_baguette,0,설목장 유기농 우유(200ml),https://www.paris.co.kr/wp-content/uploads/201223_????????????????????-600x600.jpg,drink,0
paris_baguette,0,설목장 유기농 우유(750ml),https://www.paris.co.kr/wp-content/uploads/201223_????????????????????750ml-600x600.jpg,drink,0
paris_baguette,0,망고 소르베 빙수,https://www.paris.co.kr/wp-content/uploads/210104_????????????????-600x600.jpg,drink,0
paris_baguette,0,망고스무디,https://www.paris.co.kr/wp-content/uploads/200916_???????????-600x600.jpg,drink,0
paris_baguette,0,요거트플러스 딸기,/data/product-old/eumE180775@-550.jpg,drink,0
paris_baguette,0,요거트플러스 플레인,/data/product-old/eumE180771@-550.jpg,drink,0
paris_baguette,0,스트로베리스무디,https://www.paris.co.kr/wp-content/uploads/200916_???????????-600x600.jpg,drink,0
paris_baguette,0,아침&딸기 우유 200㎖,https://www.paris.co.kr/wp-content/uploads/200608_?????????????????-600x600.jpg,drink,0
paris_baguette,0,아침&초코 우유 200㎖,/data/product-old/[2]eumO168980_550px웹용.jpg,drink,0
paris_baguette,0,자몽 에이드,https://www.paris.co.kr/wp-content/uploads/201126_???????????-600x600.jpg,drink,0
paris_baguette,0,아이스 라떼,https://www.paris.co.kr/wp-content/uploads/??????????-600x600.jpg,drink,0
paris_baguette,0,아이스 카페모카,https://www.paris.co.kr/wp-content/uploads/200507_아이스초코-600x600.jpg,drink,0
paris_baguette,0,아이스 카라멜 마끼아또,https://www.paris.co.kr/wp-content/uploads/200507_카라멜마끼야또-아이스-600x600.jpg,drink,0
paris_baguette,0,핫초코,https://www.paris.co.kr/wp-content/uploads/201008-???????-600x600.jpg,drink,0
paris_baguette,0,아이스 녹차 라떼,https://www.paris.co.kr/wp-content/uploads/201008-???????????????ice-600x600.jpg,drink,0
paris_baguette,0,카푸치노,https://www.paris.co.kr/wp-content/uploads/????????-600x600.jpg,drink,0
paris_baguette,0,카페모카,https://www.paris.co.kr/wp-content/uploads/200507_핫초코-600x600.jpg,drink,0
paris_baguette,0,카라멜 마끼아또,https://www.paris.co.kr/wp-content/uploads/200507_카라멜마끼야또-600x600.jpg,drink,0
paris_baguette,0,에스프레소,https://www.paris.co.kr/wp-content/uploads/??????????-600x600.jpg,drink,0
paris_baguette,0,아침&후레쉬우유 930㎖,https://www.paris.co.kr/wp-content/uploads/200608_????930ml-600x600.jpg,drink,0
paris_baguette,0,아침&후레쉬우유 450㎖,https://www.paris.co.kr/wp-content/uploads/2019/11/200203_450ml_01-600x600.jpg,drink,0
paris_baguette,0,바닐라 라떼,https://www.paris.co.kr/wp-content/uploads/200507_카페라떼-600x600.jpg,drink,0
paris_baguette,0,아침&바나나 우유 200ml,https://www.paris.co.kr/wp-content/uploads/200608_??????????????????-600x600.jpg,drink,0
paris_baguette,0,보틀그린(석류&엘더플라워),https://www.paris.co.kr/wp-content/uploads/보틀그린석류엘더플라워-600x600.jpg,drink,0
paris_baguette,0,보틀그린(엘더플라워),https://www.paris.co.kr/wp-content/uploads/210105_??????????1280-600x600.jpg,drink,0
paris_baguette,0,복숭아 아이스티,https://www.paris.co.kr/wp-content/uploads/201008-????????ice-600x600.jpg,drink,0
paris_baguette,0,스파클링 피치,https://www.paris.co.kr/wp-content/uploads/210105_??????????????-600x600.jpg,drink,0
paris_baguette,0,미트볼&포테이토 그라탕,https://www.paris.co.kr/wp-content/uploads/211019_PB-FCK-미트볼포테이토그라탕_01-600x600.png,food,0
paris_baguette,0,허니 고르곤졸라 피자,https://www.paris.co.kr/wp-content/uploads/211109_PB-FCK허니고르곤졸라피자-패키지-1280-600x600.jpg,food,0
paris_baguette,0,크리스피 치킨&칩스,https://www.paris.co.kr/wp-content/uploads/211102_PB-FCK크리스피치킨칩스2차-1280-600x600.jpg,food,0
paris_baguette,0,아시안 볶음누들,https://www.paris.co.kr/wp-content/uploads/210928_아시안퓨전볶음면-1280-600x600.jpg,food,0
paris_baguette,0,치킨 레드커리 라이스,https://www.paris.co.kr/wp-content/uploads/210928_치킨레드커리라이스-1280-600x600.jpg,food,0
paris_baguette,0,트리플치즈 갈릭리조또,https://www.paris.co.kr/wp-content/uploads/210928_갈릭크림치킨리조또-1280-600x600.jpg,food,0
paris_baguette,0,잠봉햄 맥앤치즈,https://www.paris.co.kr/wp-content/uploads/210928_잠봉맥앤치즈-1280-600x600.jpg,food,0
paris_baguette,0,쫀득 콘치즈볼,https://www.paris.co.kr/wp-content/uploads/211026_PB-FCK쫀득콘치즈볼-패키지-600x600.png,food,0
paris_baguette,0,콘 스프,https://www.paris.co.kr/wp-content/uploads/210928_콘스프-1280-600x600.jpg,food,0
paris_baguette,0,매콤달콤 바삭치킨,https://www.paris.co.kr/wp-content/uploads/210216_?????????????????????-600x600.jpg,food,0
paris_baguette,0,정통 깐풍기,https://www.paris.co.kr/wp-content/uploads/210216_??????????????-600x600.jpg,food,0
paris_baguette,0,더욱 맛있어진 정통 짜장면,https://www.paris.co.kr/wp-content/uploads/210928_정통짜장면-1280-600x600.jpg,food,0
paris_baguette,0,미니 토종효모 바게뜨,https://www.paris.co.kr/wp-content/uploads/211026_PB-FCK미니토종효모바게뜨-패키지-600x600.png,food,0
paris_baguette,0,함박스테이크 라이스,https://www.paris.co.kr/wp-content/uploads/210928_함박스테이크라이스-1280-600x600.jpg,food,0
paris_baguette,0,치킨&쉬림프 로제 파스타,https://www.paris.co.kr/wp-content/uploads/210928_치킨쉬림프로제파스타-1280-600x600.jpg,food,0
paris_baguette,0,나폴리탄 토마토 파스타,https://www.paris.co.kr/wp-content/uploads/210928_나폴리탄토마토파스타-1280-600x600.jpg,food,0
paris_baguette,0,쉬림프 로제 리조또,https://www.paris.co.kr/wp-content/uploads/210928_쉬림프로제리조또-1280-600x600.jpg,food,0
paris_baguette,0,트러플 오일 까르보나라,https://www.paris.co.kr/wp-content/uploads/210928_트러플오일까르보나라-1280-600x600.jpg,food,0
paris_baguette,0,미니크라상,https://www.paris.co.kr/wp-content/uploads/201210_???????????-600x600.jpg,food,0
paris_baguette,0,치킨 로제 도리아,https://www.paris.co.kr/wp-content/uploads/치킨로제도리아-600x600.png,food,0
paris_baguette,0,함박 스테이크 파스타,https://www.paris.co.kr/wp-content/uploads/210928_함박스테이크파스타-1280-600x600.jpg,food,0
paris_baguette,0,끼니반란(卵) 반숙란,https://www.paris.co.kr/wp-content/uploads/200312__5690-600x600.jpg,food,0
paris_baguette,0,양송이 스프,https://www.paris.co.kr/wp-content/uploads/210928_양송이스프-1280-1-600x600.jpg,food,0
paris_baguette,0,스모크드브랏(2개입),https://www.paris.co.kr/wp-content/uploads/201210_?????????????-600x600.jpg,food,0
