twosome,1,카라멜치즈크림라떼,https://mcdn.twosome.co.kr/menu_image/P_MA_Z_TSPLC_MENU_REG/1000/1000/PITEM/10191223_01_01_20211012.jpg?width=276&height=276&q=100,coffee,0
twosome,0,딜라이트펌킨슈페너,https://mcdn.twosome.co.kr/menu_image/P_MA_Z_TSPLC_MENU_REG/1000/1000/PITEM/10191192_01_01_20210818.jpg?width=276&height=276&q=100,coffee,0
twosome,0,아메리카노,https://mcdn.twosome.co.kr/menu_image/P_MA_Z_TSPLC_MENU_REG/1000/1000/PITEM/10100001_01_01_20210611.jpg?width=276&height=276&q=100,coffee,0
twosome,0,카페라떼,https://mcdn.twosome.co.kr/menu_image/P_MA_Z_TSPLC_MENU_REG/1000/1000/PITEM/10100002_01_01_20210611.jpg?width=276&height=276&q=100,coffee,0
twosome,0,카페모카,https://mcdn.twosome.co.kr/menu_image/P_MA_Z_TSPLC_MENU_REG/1000/1000/PITEM/10100005_01_01_20210611.jpg?width=276&height=276&q=100,coffee,0
twosome,0,카라멜마키아또,https://mcdn.twosome.co.kr/menu_image/P_MA_Z_TSPLC_MENU_REG/1000/1000/PITEM/10100007_01_01_20210614.jpg?width=276&height=276&q=100,coffee,0
twosome,0,카푸치노,https://mcdn.twosome.co.kr/menu_image/P_MA_Z_TSPLC_MENU_REG/1000/1000/PITEM/174.png?width=276&height=276&q=100,coffee,0
twosome,0,바닐라카페라떼,https://mcdn.twosome.co.kr/menu_image/P_MA_Z_TSPLC_MENU_REG/1000/1000/PITEM/105.png?width=276&height=276&q=100,coffee,0
twosome,0,숏카페라떼,https://mcdn.twosome.co.kr/menu_image/P_MA_Z_TSPLC_MENU_REG/1000/1000/PITEM/10100009_01_01_20210611.jpg?width=276&height=276&q=100,coffee,0
twosome,0,롱블랙,https://mcdn.twosome.co.kr/menu_image/P_MA_Z_TSPLC_MENU_REG/1000/1000/PITEM/10100008_01_01_20210611.jpg?width=276&height=276&q=100,coffee,0
twosome,0,에스프레소,https://mcdn.twosome.co.kr/menu_image/P_MA_Z_TSPLC_MENU_REG/1000/1000/PITEM/114.png?width=276&height=276&q=100,coffee,0
twosome,0,스페니쉬연유카페라떼,https://mcdn.twosome.co.kr/menu_image/P_MA_Z_TSPLC_MENU_REG/1000/1000/PITEM/117.png?width=276&height=276&q=100,coffee,0
twosome,0,아이스크림카페라떼,https://mcdn.twosome.co.kr/menu_image/P_MA_Z_TSPLC_MENU_REG/1000/1000/PITEM/119.png?width=276&height=276&q=100,coffee,0
twosome,0,달고나카페라떼,https://mcdn.twosome.co.kr/menu_image/P_MA_Z_TSPLC_MENU_REG/1000/1000/PITEM/120.png?width=276&height=276&q=100,coffee,0
twosome,0,콜드브루,https://mcdn.twosome.co.kr/menu_image/P_MA_Z_TSPLC_MENU_REG/1000/1000/PITEM/123.png?width=276&height=276&q=100,coffee,0
twosome,0,콜드브루라떼,https://mcdn.twosome.co.kr/menu_image/P_MA_Z_TSPLC_MENU_REG/1000/1000/PITEM/124.png?width=276&height=276&q=100,coffee,0
twosome,0,흑임자카페라떼,https://mcdn.twosome.co.kr/menu_image/P_MA_Z_TSPLC_MENU_REG/1000/1000/PITEM/10100020_01_01_20210611.jpg?width=276&height=276&q=100,coffee,0
twosome,1,시그니처뱅쇼,https://mcdn.twosome.co.kr/menu_image/P_MA_Z_TSPLC_MENU_REG/1000/1000/PITEM/10201614_01_01_20211012.jpg?width=276&height=276&q=100,tea,0
twosome,0,TWG시나몬블랙티,https://mcdn.twosome.co.kr/menu_image/P_MA_Z_TSPLC_MENU_REG/1000/1000/PITEM/10201599_01_01_20210818.jpg?width=276&height=276&q=100,tea,0
twosome,0,잉글리쉬브렉퍼스트,https://mcdn.twosome.co.kr/menu_image/P_MA_Z_TSPLC_MENU_REG/1000/1000/PITEM/10201604_01_01_20210811.jpg?width=276&height=276&q=100,tea,0
twosome,0,제주유기농녹차,https://mcdn.twosome.co.kr/menu_image/P_MA_Z_TSPLC_MENU_REG/1000/1000/PITEM/10201605_01_01_20210818.jpg?width=276&height=276&q=100,tea,0
twosome,0,1837블랙티,https://mcdn.twosome.co.kr/menu_image/P_MA_Z_TSPLC_MENU_REG/1000/1000/PITEM/126.png?width=276&height=276&q=100,tea,0
twosome,0,카모마일,https://mcdn.twosome.co.kr/menu_image/P_MA_Z_TSPLC_MENU_REG/1000/1000/PITEM/10200025_01_01_20210115.png?width=276&height=276&q=100,tea,0
twosome,0,크림카라멜,https://mcdn.twosome.co.kr/menu_image/P_MA_Z_TSPLC_MENU_REG/1000/1000/PITEM/130.png?width=276&height=276&q=100,tea,0
twosome,0,프렌치얼그레이,https://mcdn.twosome.co.kr/menu_image/P_MA_Z_TSPLC_MENU_REG/1000/1000/PITEM/132.png?width=276&height=276&q=100,tea,0
twosome,0,그나와민트티,https://mcdn.twosome.co.kr/menu_image/P_MA_Z_TSPLC_MENU_REG/1000/1000/PITEM/10200028_01_01_20210610.jpg?width=276&height=276&q=100,tea,0
twosome,0,애플민트티,https://mcdn.twosome.co.kr/menu_image/P_MA_Z_TSPLC_MENU_REG/1000/1000/PITEM/10200029_01_01_20210610.jpg?width=276&height=276&q=100,tea,0
twosome,0,허니레몬티,https://mcdn.twosome.co.kr/menu_image/P_MA_Z_TSPLC_MENU_REG/1000/1000/PITEM/10200030_01_01_20210610.jpg?width=276&height=276&q=100,tea,0
twosome,0,유자레몬티,https://mcdn.twosome.co.kr/menu_image/P_MA_Z_TSPLC_MENU_REG/1000/1000/PITEM/140.png?width=276&height=276&q=100,tea,0
twosome,0,오렌지자몽티,https://mcdn.twosome.co.kr/menu_image/P_MA_Z_TSPLC_MENU_REG/1000/1000/PITEM/141.png?width=276&height=276&q=100,tea,0
twosome,0,로얄밀크티,https://mcdn.twosome.co.kr/menu_image/P_MA_Z_TSPLC_MENU_REG/1000/1000/PITEM/10200033_01_01_20210610.jpg?width=276&height=276&q=100,tea,0
twosome,0,그린티라떼,https://mcdn.twosome.co.kr/menu_image/P_MA_Z_TSPLC_MENU_REG/1000/1000/PITEM/10200034_01_01_20210610.jpg?width=276&height=276&q=100,tea,0
twosome,0,아이스버블밀크티,https://mcdn.twosome.co.kr/menu_image/P_MA_Z_TSPLC_MENU_REG/1000/1000/PITEM/146.png?width=276&height=276&q=100,tea,0
twosome,0,아이스버블그린티라떼,https://mcdn.twosome.co.kr/menu_image/P_MA_Z_TSPLC_MENU_REG/1000/1000/PITEM/10200079_01_01_20210118.jpg?width=276&height=276&q=100,tea,0
twosome,1,스트로베리초콜릿프라페,https://mcdn.twosome.co.kr/menu_image/P_MA_Z_TSPLC_MENU_REG/1000/1000/PITEM/10301794_01_01_20211012.jpg?width=276&height=276&q=100,drink,0
twosome,0,딜라이트펌킨프라페,https://mcdn.twosome.co.kr/menu_image/P_MA_Z_TSPLC_MENU_REG/1000/1000/PITEM/10301773_01_01_20210818.jpg?width=276&height=276&q=100,drink,0
twosome,0,복숭아에이드,https://mcdn.twosome.co.kr/menu_image/P_MA_Z_TSPLC_MENU_REG/1000/1000/PITEM/10301763_01_01_20210618.jpg?width=276&height=276&q=100,drink,0
twosome,0,민트초코프라페,https://mcdn.twosome.co.kr/menu_image/P_MA_Z_TSPLC_MENU_REG/1000/1000/PITEM/10301781_01_01_20210817.jpg?width=276&height=276&q=100,drink,0
twosome,0,샤인머스캣청포도에이드,https://mcdn.twosome.co.kr/menu_image/P_MA_Z_TSPLC_MENU_REG/1000/1000/PITEM/10301764_01_01_20210618.jpg?width=276&height=276&q=100,drink,0
twosome,0,카라멜팝커피프라페,https://mcdn.twosome.co.kr/menu_image/P_MA_Z_TSPLC_MENU_REG/1000/1000/PITEM/10301780_01_01_20210817.jpg?width=276&height=276&q=100,drink,0
twosome,0,쑥라떼,https://mcdn.twosome.co.kr/menu_image/P_MA_Z_TSPLC_MENU_REG/1000/1000/PITEM/10300037_01_01_20210615.jpg?width=276&height=276&q=100,drink,0
twosome,0,고구마라떼,https://mcdn.twosome.co.kr/menu_image/P_MA_Z_TSPLC_MENU_REG/1000/1000/PITEM/10300038_01_01_20210610.jpg?width=276&height=276&q=100,drink,0
twosome,0,모카칩커피프라페,https://mcdn.twosome.co.kr/menu_image/P_MA_Z_TSPLC_MENU_REG/1000/1000/PITEM/10300039_01_01_20210209.jpg?width=276&height=276&q=100,drink,0
twosome,0,카라멜커피프라페,https://mcdn.twosome.co.kr/menu_image/P_MA_Z_TSPLC_MENU_REG/1000/1000/PITEM/153.png?width=276&height=276&q=100,drink,0
twosome,0,스트로베리피치프라페,https://mcdn.twosome.co.kr/menu_image/P_MA_Z_TSPLC_MENU_REG/1000/1000/PITEM/154.png?width=276&height=276&q=100,drink,0
twosome,0,요거트프라페,https://mcdn.twosome.co.kr/menu_image/P_MA_Z_TSPLC_MENU_REG/1000/1000/PITEM/155.png?width=276&height=276&q=100,drink,0
twosome,0,망고프라페,https://mcdn.twosome.co.kr/menu_image/P_MA_Z_TSPLC_MENU_REG/1000/1000/PITEM/156.png?width=276&height=276&q=100,drink,0
twosome,0,제주말차프라페,https://mcdn.twosome.co.kr/menu_image/P_MA_Z_TSPLC_MENU_REG/1000/1000/PITEM/157.png?width=276&height=276&q=100,drink,0
twosome,0,바닐라밀크쉐이크,https://mcdn.twosome.co.kr/menu_image/P_MA_Z_TSPLC_MENU_REG/1000/1000/PITEM/158.png?width=276&height=276&q=100,drink,0
twosome,0,초코밀크쉐이크,https://mcdn.twosome.co.kr/menu_image/P_MA_Z_TSPLC_MENU_REG/1000/1000/PITEM/159.png?width=276&height=276&q=100,drink,0
twosome,0,커피밀크쉐이크,https://mcdn.twosome.co.kr/menu_image/P_MA_Z_TSPLC_MENU_REG/1000/1000/PITEM/160.png?width=276&height=276&q=100,drink,0
twosome,0,로얄밀크티쉐이크,https://mcdn.twosome.co.kr/menu_image/P_MA_Z_TSPLC_MENU_REG/1000/1000/PITEM/161.png?width=276&height=276&q=100,drink,0
twosome,0,자몽에이드,https://mcdn.twosome.co.kr/menu_image/P_MA_Z_TSPLC_MENU_REG/1000/1000/PITEM/162.png?width=276&height=276&q=100,drink,0
twosome,0,오렌지에이드,https://mcdn.twosome.co.kr/menu_image/P_MA_Z_TSPLC_MENU_REG/1000/1000/PITEM/163.png?width=276&height=276&q=100,drink,0
twosome,0,레몬셔벗에이드,https://mcdn.twosome.co.kr/menu_image/P_MA_Z_TSPLC_MENU_REG/1000/1000/PITEM/164.png?width=276&height=276&q=100,drink,0
twosome,0,상그리아에이드,https://mcdn.twosome.co.kr/menu_image/P_MA_Z_TSPLC_MENU_REG/1000/1000/PITEM/165.png?width=276&height=276&q=100,drink,0
twosome,0,오렌지자몽주스,https://mcdn.twosome.co.kr/menu_image/P_MA_Z_TSPLC_MENU_REG/1000/1000/PITEM/166.png?width=276&height=276&q=100,drink,0
twosome,0,키위바나나주스,https://mcdn.twosome.co.kr/menu_image/P_MA_Z_TSPLC_MENU_REG/1000/1000/PITEM/167.png?width=276&height=276&q=100,drink,0
twosome,0,망고바나나라떼,https://mcdn.twosome.co.kr/menu_image/P_MA_Z_TSPLC_MENU_REG/1000/1000/PITEM/168.png?width=276&height=276&q=100,drink,0
twosome,0,블루베리요거트드링크,https://mcdn.twosome.co.kr/menu_image/P_MA_Z_TSPLC_MENU_REG/1000/1000/PITEM/169.png?width=276&height=276&q=100,drink,0
twosome,0,플레인요거트드링크,https://mcdn.twosome.co.kr/menu_image/P_MA_Z_TSPLC_MENU_REG/1000/1000/PITEM/170.png?width=276&height=276&q=100,drink,0
twosome,0,초콜릿라떼,https://mcdn.twosome.co.kr/menu_image/P_MA_Z_TSPLC_MENU_REG/1000/1000/PITEM/10300036_01_01_20210525.JPG?width=276&height=276&q=100,drink,0
twosome,0,카라멜팝아이스크림(컵),https://mcdn.twosome.co.kr/menu_image/P_MA_Z_TSPLC_MENU_REG/1000/1000/PITEM/20501701_01_01_20210817.jpg?width=276&height=276&q=100,ice,0
twosome,0,컵)소프트아이스크림,https://mcdn.twosome.co.kr/menu_image/P_MA_Z_TSPLC_MENU_REG/1000/1000/PITEM/20501691_01_01_20210611.jpg?width=276&height=276&q=100,ice,0
twosome,0,콘)소프트아이스크림,https://mcdn.twosome.co.kr/menu_image/P_MA_Z_TSPLC_MENU_REG/1000/1000/PITEM/20501690_01_01_20210525.JPG?width=276&height=276&q=100,ice,0
twosome,0,바닐라아포가토,https://mcdn.twosome.co.kr/menu_image/P_MA_Z_TSPLC_MENU_REG/1000/1000/PITEM/171.png?width=276&height=276&q=100,ice,0
twosome,0,밀크소프트아포가토,https://mcdn.twosome.co.kr/menu_image/P_MA_Z_TSPLC_MENU_REG/1000/1000/PITEM/20501694_01_01_20210112.jpg?width=276&height=276&q=100,ice,0
twosome,1,고구마밀크생크림,https://mcdn.twosome.co.kr/menu_image/P_MA_Z_TSPLC_MENU_REG/1000/1000/PITEM/30701889_01_01_20210817.jpg?width=276&height=276&q=100,cake,0
twosome,0,스트로베리초콜릿생크림,https://mcdn.twosome.co.kr/menu_image/P_MA_Z_TSPLC_MENU_REG/1000/1000/PITEM/30701708_01_01_20210610.jpg?width=276&height=276&q=100,cake,0
twosome,0,믹스드베리초콜릿생크림,https://mcdn.twosome.co.kr/menu_image/P_MA_Z_TSPLC_MENU_REG/1000/1000/PITEM/30701710_01_01_20210610.jpg?width=276&height=276&q=100,cake,0
twosome,0,딸기생크림1호,https://mcdn.twosome.co.kr/menu_image/P_MA_Z_TSPLC_MENU_REG/1000/1000/PITEM/30701694_01_01_20210610.jpg?width=276&height=276&q=100,cake,0
twosome,0,딸기생크림2호,https://mcdn.twosome.co.kr/menu_image/P_MA_Z_TSPLC_MENU_REG/1000/1000/PITEM/30701768_01_01_20210610.jpg?width=276&height=276&q=100,cake,0
twosome,0,딸기요거생크림,https://mcdn.twosome.co.kr/menu_image/P_MA_Z_TSPLC_MENU_REG/1000/1000/PITEM/30701076_01_01_20210610.jpg?width=276&height=276&q=100,cake,0
twosome,0,화이트포레스트생크림,https://mcdn.twosome.co.kr/menu_image/P_MA_Z_TSPLC_MENU_REG/1000/1000/PITEM/30701769_01_01_20210610.jpg?width=276&height=276&q=100,cake,0
twosome,0,마스카포네생크림(믹스드베리),https://mcdn.twosome.co.kr/menu_image/P_MA_Z_TSPLC_MENU_REG/1000/1000/PITEM/30701711_01_01_20210610.jpg?width=276&height=276&q=100,cake,0
twosome,0,마스카포네생크림(자몽/오렌지),https://mcdn.twosome.co.kr/menu_image/P_MA_Z_TSPLC_MENU_REG/1000/1000/PITEM/30701713_01_01_20210610.jpg?width=276&height=276&q=100,cake,0
twosome,1,블랙몰트크림기네스,https://mcdn.twosome.co.kr/menu_image/P_MA_Z_TSPLC_MENU_REG/1000/1000/PITEM/30701896_01_01_20210928.jpg?width=276&height=276&q=100,cake,0
twosome,1,마이투썸하트,https://mcdn.twosome.co.kr/menu_image/P_MA_Z_TSPLC_MENU_REG/1000/1000/PITEM/30701891_01_01_20210817.jpg?width=276&height=276&q=100,cake,0
twosome,0,퀸즈캐롯,https://mcdn.twosome.co.kr/menu_image/P_MA_Z_TSPLC_MENU_REG/1000/1000/PITEM/30701802_01_01_20210610.jpg?width=276&height=276&q=100,cake,0
twosome,0,레드벨벳,https://mcdn.twosome.co.kr/menu_image/P_MA_Z_TSPLC_MENU_REG/1000/1000/PITEM/30701799_01_01_20210610.jpg?width=276&height=276&q=100,cake,0
twosome,0,우리쌀베리무스,https://mcdn.twosome.co.kr/menu_image/P_MA_Z_TSPLC_MENU_REG/1000/1000/PITEM/30701845_01_01_20210610.jpg?width=276&height=276&q=100,cake,0
twosome,0,마스카포네티라미수,https://mcdn.twosome.co.kr/menu_image/P_MA_Z_TSPLC_MENU_REG/1000/1000/PITEM/30701798_01_01_20210614.jpg?width=276&height=276&q=100,cake,0
twosome,0,뉴욕치즈,https://mcdn.twosome.co.kr/menu_image/P_MA_Z_TSPLC_MENU_REG/1000/1000/PITEM/30701801_01_01_20210610.jpg?width=276&height=276&q=100,cake,0
twosome,0,헤이즐넛마스카포네치즈,https://mcdn.twosome.co.kr/menu_image/P_MA_Z_TSPLC_MENU_REG/1000/1000/PITEM/30701754_01_01_20210610.jpg?width=276&height=276&q=100,cake,0
twosome,0,클래식가토쇼콜라,https://mcdn.twosome.co.kr/menu_image/P_MA_Z_TSPLC_MENU_REG/1000/1000/PITEM/30701747_01_01_20210610.jpg?width=276&height=276&q=100,cake,0
twosome,0,벨지안멜팅가나슈,https://mcdn.twosome.co.kr/menu_image/P_MA_Z_TSPLC_MENU_REG/1000/1000/PITEM/30701803_01_01_20210610.jpg?width=276&height=276&q=100,cake,0
twosome,0,트리플초콜릿무스,https://mcdn.twosome.co.kr/menu_image/P_MA_Z_TSPLC_MENU_REG/1000/1000/PITEM/30701706_01_01_20210610.jpg?width=276&height=276&q=100,cake,0
twosome,0,그뤼에르치즈무스,https://mcdn.twosome.co.kr/menu_image/P_MA_Z_TSPLC_MENU_REG/1000/1000/PITEM/30701804_01_01_20210610.jpg?width=276&height=276&q=100,cake,0
twosome,0,모어댄쿠키앤크림1호,https://mcdn.twosome.co.kr/menu_image/P_MA_Z_TSPLC_MENU_REG/1000/1000/PITEM/30701751_01_01_20210610.jpg?width=276&height=276&q=100,cake,0
twosome,0,몽블랑보늬밤케이크,https://mcdn.twosome.co.kr/menu_image/P_MA_Z_TSPLC_MENU_REG/1000/1000/PITEM/30701065_01_01_20210610.jpg?width=276&height=276&q=100,cake,0
twosome,0,트리플베리치즈무스,https://mcdn.twosome.co.kr/menu_image/P_MA_Z_TSPLC_MENU_REG/1000/1000/PITEM/30701072_01_01_20210610.jpg?width=276&height=276&q=100,cake,0
twosome,0,생크림피칸타르트,https://mcdn.twosome.co.kr/menu_image/P_MA_Z_TSPLC_MENU_REG/1000/1000/PITEM/225.png?width=276&height=276&q=100,cake,0
twosome,0,파티팩고구마밀크생크림,https://mcdn.twosome.co.kr/menu_image/P_MA_Z_TSPLC_MENU_REG/1000/1000/PITEM/30701890_01_01_20210817.jpg?width=276&height=276&q=100,cake,0
twosome,0,파티팩아이스박스,https://mcdn.twosome.co.kr/menu_image/P_MA_Z_TSPLC_MENU_REG/1000/1000/PITEM/204.png?width=276&height=276&q=100,cake,0
twosome,0,파티팩티라미수,https://mcdn.twosome.co.kr/menu_image/P_MA_Z_TSPLC_MENU_REG/1000/1000/PITEM/203.png?width=276&height=276&q=100,cake,0
twosome,0,파티팩스트로베리초콜릿생크림,https://mcdn.twosome.co.kr/menu_image/P_MA_Z_TSPLC_MENU_REG/1000/1000/PITEM/221.png?width=276&height=276&q=100,cake,0
twosome,0,파티팩딸기레어치즈,https://mcdn.twosome.co.kr/menu_image/P_MA_Z_TSPLC_MENU_REG/1000/1000/PITEM/258.png?width=276&height=276&q=100,cake,0
twosome,0,파티팩인절미생크림,https://mcdn.twosome.co.kr/menu_image/P_MA_Z_TSPLC_MENU_REG/1000/1000/PITEM/30701082_01_01_20210802.jpg?width=276&height=276&q=100,cake,0
twosome,0,요거생크림1호,https://mcdn.twosome.co.kr/menu_image/P_MA_Z_TSPLC_MENU_REG/1000/1000/PITEM/30701789_01_01_20210610.jpg?width=276&height=276&q=100,cake,0
twosome,0,요거생크림2호,https://mcdn.twosome.co.kr/menu_image/P_MA_Z_TSPLC_MENU_REG/1000/1000/PITEM/30701797_01_01_20210610.jpg?width=276&height=276&q=100,cake,0
twosome,0,요거생크림3호,https://mcdn.twosome.co.kr/menu_image/P_MA_Z_TSPLC_MENU_REG/1000/1000/PITEM/30701721_01_01_20210610.jpg?width=276&height=276&q=100,cake,0
twosome,0,리얼생크림2호,https://mcdn.twosome.co.kr/menu_image/P_MA_Z_TSPLC_MENU_REG/1000/1000/PITEM/30701699_01_01_20210610.jpg?width=276&height=276&q=100,cake,0
twosome,0,장미요거생크림1호,https://mcdn.twosome.co.kr/menu_image/P_MA_Z_TSPLC_MENU_REG/1000/1000/PITEM/30701792_01_01_20210610.jpg?width=276&height=276&q=100,cake,0
twosome,0,요거하트,https://mcdn.twosome.co.kr/menu_image/P_MA_Z_TSPLC_MENU_REG/1000/1000/PITEM/30701793_01_01_20210610.jpg?width=276&height=276&q=100,cake,0
twosome,0,TWG밀크티쉬폰,https://mcdn.twosome.co.kr/menu_image/P_MA_Z_TSPLC_MENU_REG/1000/1000/PITEM/30701794_01_01_20210611.jpg?width=276&height=276&q=100,cake,0
twosome,0,초코쉬폰,https://mcdn.twosome.co.kr/menu_image/P_MA_Z_TSPLC_MENU_REG/1000/1000/PITEM/30701795_01_01_20210610.jpg?width=276&height=276&q=100,cake,0
twosome,0,블루베리쉬폰,https://mcdn.twosome.co.kr/menu_image/P_MA_Z_TSPLC_MENU_REG/1000/1000/PITEM/30701796_01_01_20210611.jpg?width=276&height=276&q=100,cake,0
twosome,1,떠먹는고구마밀크생크림,https://mcdn.twosome.co.kr/menu_image/P_MA_Z_TSPLC_MENU_REG/1000/1000/PITEM/30801835_01_01_20210817.jpg?width=276&height=276&q=100,short_cake,0
twosome,0,떠먹는아이스박스,https://mcdn.twosome.co.kr/menu_image/P_MA_Z_TSPLC_MENU_REG/1000/1000/PITEM/30801704_01_01_20210118.jpg?width=276&height=276&q=100,short_cake,0
twosome,0,떠먹는티라미수,https://mcdn.twosome.co.kr/menu_image/P_MA_Z_TSPLC_MENU_REG/1000/1000/PITEM/30801702_01_01_20210118.jpg?width=276&height=276&q=100,short_cake,0
twosome,0,떠먹는스트로베리초콜릿생크림,https://mcdn.twosome.co.kr/menu_image/P_MA_Z_TSPLC_MENU_REG/1000/1000/PITEM/30801735_01_01_20210118.jpg?width=276&height=276&q=100,short_cake,0
twosome,0,떠먹는딸기레어치즈,https://mcdn.twosome.co.kr/menu_image/P_MA_Z_TSPLC_MENU_REG/1000/1000/PITEM/30801784_01_01_20210615.jpg?width=276&height=276&q=100,short_cake,0
twosome,0,떠먹는인절미생크림,https://mcdn.twosome.co.kr/menu_image/P_MA_Z_TSPLC_MENU_REG/1000/1000/PITEM/30801080_01_01_20210111.jpg?width=276&height=276&q=100,short_cake,0
twosome,0,P.딸기요거생크림,https://mcdn.twosome.co.kr/menu_image/P_MA_Z_TSPLC_MENU_REG/1000/1000/PITEM/30801077_01_01_20210614.jpg?width=276&height=276&q=100,short_cake,0
twosome,0,P.딸기생크림,https://mcdn.twosome.co.kr/menu_image/P_MA_Z_TSPLC_MENU_REG/1000/1000/PITEM/30801809_01_01_20210614.jpg?width=276&height=276&q=100,short_cake,0
twosome,0,P.모어댄쿠키앤크림,https://mcdn.twosome.co.kr/menu_image/P_MA_Z_TSPLC_MENU_REG/1000/1000/PITEM/30801753_01_01_20210610.jpg?width=276&height=276&q=100,short_cake,0
twosome,1,P.블랙몰트크림기네스,https://mcdn.twosome.co.kr/menu_image/P_MA_Z_TSPLC_MENU_REG/1000/1000/PITEM/30801837_01_01_20210928.jpg?width=276&height=276&q=100,short_cake,0
twosome,0,P.퀸즈캐롯,https://mcdn.twosome.co.kr/menu_image/P_MA_Z_TSPLC_MENU_REG/1000/1000/PITEM/30801806_01_01_20210610.jpg?width=276&height=276&q=100,short_cake,0
twosome,0,P.레드벨벳,https://mcdn.twosome.co.kr/menu_image/P_MA_Z_TSPLC_MENU_REG/1000/1000/PITEM/30801786_01_01_20210610.jpg?width=276&height=276&q=100,short_cake,0
twosome,0,P.우리쌀베리무스,https://mcdn.twosome.co.kr/menu_image/P_MA_Z_TSPLC_MENU_REG/1000/1000/PITEM/30801829_01_01_20210610.jpg?width=276&height=276&q=100,short_cake,0
twosome,0,P.헤이즐넛마스카포네치즈,https://mcdn.twosome.co.kr/menu_image/P_MA_Z_TSPLC_MENU_REG/1000/1000/PITEM/30801757_01_01_20210610.jpg?width=276&height=276&q=100,short_cake,0
twosome,0,P.클래식가토쇼콜라,https://mcdn.twosome.co.kr/menu_image/P_MA_Z_TSPLC_MENU_REG/1000/1000/PITEM/30801748_01_01_20210610.jpg?width=276&height=276&q=100,short_cake,0
twosome,0,P.벨지안가나슈,https://mcdn.twosome.co.kr/menu_image/P_MA_Z_TSPLC_MENU_REG/1000/1000/PITEM/30801722_01_01_20210610.jpg?width=276&height=276&q=100,short_cake,0
twosome,0,P.뉴욕치즈,https://mcdn.twosome.co.kr/menu_image/P_MA_Z_TSPLC_MENU_REG/1000/1000/PITEM/30801718_01_01_20210610.jpg?width=276&height=276&q=100,short_cake,0
twosome,0,P.그뤼에르치즈무스,https://mcdn.twosome.co.kr/menu_image/P_MA_Z_TSPLC_MENU_REG/1000/1000/PITEM/30801807_01_01_20211015.jpg?width=276&height=276&q=100,short_cake,0
twosome,0,P.트리플초콜릿무스,https://mcdn.twosome.co.kr/menu_image/P_MA_Z_TSPLC_MENU_REG/1000/1000/PITEM/30801720_01_01_20210611.jpg?width=276&height=276&q=100,short_cake,0
twosome,0,P.트리플베리치즈무스,https://mcdn.twosome.co.kr/menu_image/P_MA_Z_TSPLC_MENU_REG/1000/1000/PITEM/30801073_01_01_20210610.jpg?width=276&height=276&q=100,short_cake,0
twosome,0,P.몽블랑보늬밤케이크,https://mcdn.twosome.co.kr/menu_image/P_MA_Z_TSPLC_MENU_REG/1000/1000/PITEM/30801066_01_01_20210610.jpg?width=276&height=276&q=100,short_cake,0
twosome,0,P.생크림피칸타르트,https://mcdn.twosome.co.kr/menu_image/P_MA_Z_TSPLC_MENU_REG/1000/1000/PITEM/30801739_01_01_20210610.jpg?width=276&height=276&q=100,short_cake,0
twosome,0,P.딸기요거,https://mcdn.twosome.co.kr/menu_image/P_MA_Z_TSPLC_MENU_REG/1000/1000/PITEM/30801717_01_01_20210610.jpg?width=276&height=276&q=100,short_cake,0
twosome,0,생크림소프트쉬폰,https://mcdn.twosome.co.kr/menu_image/P_MA_Z_TSPLC_MENU_REG/1000/1000/PITEM/30901737_01_01_20210610.jpg?width=276&height=276&q=100,short_cake,0
twosome,0,P.블루베리쉬폰,https://mcdn.twosome.co.kr/menu_image/P_MA_Z_TSPLC_MENU_REG/1000/1000/PITEM/30801719_01_01_20210611.jpg?width=276&height=276&q=100,short_cake,0
twosome,0,P.초코쉬폰,https://mcdn.twosome.co.kr/menu_image/P_MA_Z_TSPLC_MENU_REG/1000/1000/PITEM/30801716_01_01_20210611.jpg?width=276&height=276&q=100,short_cake,0
twosome,0,P.TWG밀크티쉬폰,https://mcdn.twosome.co.kr/menu_image/P_MA_Z_TSPLC_MENU_REG/1000/1000/PITEM/30801724_01_01_20210610.jpg?width=276&height=276&q=100,short_cake,0
twosome,0,아이스박스프로즌케이크,https://mcdn.twosome.co.kr/menu_image/P_MA_Z_TSPLC_MENU_REG/1000/1000/PITEM/30901838_01_01_20210730.jpg?width=276&height=276&q=100,dessert,0
twosome,0,딸기바닐라프로즌케이크,https://mcdn.twosome.co.kr/menu_image/P_MA_Z_TSPLC_MENU_REG/1000/1000/PITEM/30901839_01_01_20210730.jpg?width=276&height=276&q=100,dessert,0
twosome,0,초콜릿크로캉롱슈,https://mcdn.twosome.co.kr/menu_image/P_MA_Z_TSPLC_MENU_REG/1000/1000/PITEM/30901727_01_01_20210610.jpg?width=276&height=276&q=100,dessert,0
twosome,0,바닐라크로캉롱슈,https://mcdn.twosome.co.kr/menu_image/P_MA_Z_TSPLC_MENU_REG/1000/1000/PITEM/30901728_01_01_20210610.jpg?width=276&height=276&q=100,dessert,0
twosome,0,크렘슈(초콜릿),https://mcdn.twosome.co.kr/menu_image/P_MA_Z_TSPLC_MENU_REG/1000/1000/PITEM/30901773_01_01_20210610.jpg?width=276&height=276&q=100,dessert,0
twosome,0,크렘슈(바닐라),https://mcdn.twosome.co.kr/menu_image/P_MA_Z_TSPLC_MENU_REG/1000/1000/PITEM/30901772_01_01_20210610.jpg?width=276&height=276&q=100,dessert,0
twosome,0,투썸마카롱세트(6개입),https://mcdn.twosome.co.kr/menu_image/P_MA_Z_TSPLC_MENU_REG/1000/1000/PITEM/30901810_01_01_20210610.jpg?width=276&height=276&q=100,dessert,0
twosome,0,투썸마카롱세트(12개입),https://mcdn.twosome.co.kr/menu_image/P_MA_Z_TSPLC_MENU_REG/1000/1000/PITEM/30901811_01_01_20210610.jpg?width=276&height=276&q=100,dessert,0
twosome,0,망고트로피컬마카롱,https://mcdn.twosome.co.kr/menu_image/P_MA_Z_TSPLC_MENU_REG/1000/1000/PITEM/30901829_01_01_20210611.jpg?width=276&height=276&q=100,dessert,0
twosome,0,마다가스카르바닐라마카롱,https://mcdn.twosome.co.kr/menu_image/P_MA_Z_TSPLC_MENU_REG/1000/1000/PITEM/30901825_01_01_20210610.jpg?width=276&height=276&q=100,dessert,0
twosome,0,피스타치오마카롱,https://mcdn.twosome.co.kr/menu_image/P_MA_Z_TSPLC_MENU_REG/1000/1000/PITEM/30901828_01_01_20210611.jpg?width=276&height=276&q=100,dessert,0
twosome,0,벨지안초콜릿마카롱,https://mcdn.twosome.co.kr/menu_image/P_MA_Z_TSPLC_MENU_REG/1000/1000/PITEM/30901822_01_01_20210610.jpg?width=276&height=276&q=100,dessert,0
twosome,0,산딸기마카롱,https://mcdn.twosome.co.kr/menu_image/P_MA_Z_TSPLC_MENU_REG/1000/1000/PITEM/30901824_01_01_20210610.jpg?width=276&height=276&q=100,dessert,0
twosome,0,블루베리마카롱,https://mcdn.twosome.co.kr/menu_image/P_MA_Z_TSPLC_MENU_REG/1000/1000/PITEM/30901823_01_01_20210610.jpg?width=276&height=276&q=100,dessert,0
twosome,0,식물성대체육옴니미트샐러드랩,https://mcdn.twosome.co.kr/menu_image/P_MA_Z_TSPLC_MENU_REG/1000/1000/PITEM/41001862_01_01_20210708.jpg?width=276&height=276&q=100,sandwich,0
twosome,0,단호박크림치즈샌드위치,https://mcdn.twosome.co.kr/menu_image/P_MA_Z_TSPLC_MENU_REG/1000/1000/PITEM/41001861_01_01_20210510.jpg?width=276&height=276&q=100,sandwich,0
twosome,0,B.E.L.T.샌드위치,https://mcdn.twosome.co.kr/menu_image/P_MA_Z_TSPLC_MENU_REG/1000/1000/PITEM/301.png?width=276&height=276&q=100,sandwich,0
twosome,0,크랜베리치킨샌드위치,https://mcdn.twosome.co.kr/menu_image/P_MA_Z_TSPLC_MENU_REG/1000/1000/PITEM/304.png?width=276&height=276&q=100,sandwich,0
twosome,0,스파이시치킨샐러드랩,https://mcdn.twosome.co.kr/menu_image/P_MA_Z_TSPLC_MENU_REG/1000/1000/PITEM/303.png?width=276&height=276&q=100,sandwich,0
twosome,0,비욘드미트더블머쉬룸파니니,https://mcdn.twosome.co.kr/menu_image/P_MA_Z_TSPLC_MENU_REG/1000/1000/PITEM/41001851_01_01_20210204.jpg?width=276&height=276&q=100,sandwich,0
twosome,0,비욘드미트커리파니니,https://mcdn.twosome.co.kr/menu_image/P_MA_Z_TSPLC_MENU_REG/1000/1000/PITEM/41001852_01_01_20210204.jpg?width=276&height=276&q=100,sandwich,0
twosome,0,멕시칸파니니,https://mcdn.twosome.co.kr/menu_image/P_MA_Z_TSPLC_MENU_REG/1000/1000/PITEM/308.png?width=276&height=276&q=100,sandwich,0
twosome,0,바베큐치킨파니니,https://mcdn.twosome.co.kr/menu_image/P_MA_Z_TSPLC_MENU_REG/1000/1000/PITEM/306.png?width=276&height=276&q=100,sandwich,0
twosome,0,페스토햄치즈파니니,https://mcdn.twosome.co.kr/menu_image/P_MA_Z_TSPLC_MENU_REG/1000/1000/PITEM/351.png?width=276&height=276&q=100,sandwich,0
twosome,0,올리브치킨파니니,https://mcdn.twosome.co.kr/menu_image/P_MA_Z_TSPLC_MENU_REG/1000/1000/PITEM/350.png?width=276&height=276&q=100,sandwich,0
twosome,0,클래식루벤,https://mcdn.twosome.co.kr/menu_image/P_MA_Z_TSPLC_MENU_REG/1000/1000/PITEM/313.png?width=276&height=276&q=100,sandwich,0
twosome,0,멜팅치즈&비프,https://mcdn.twosome.co.kr/menu_image/P_MA_Z_TSPLC_MENU_REG/1000/1000/PITEM/314.png?width=276&height=276&q=100,sandwich,0
twosome,0,스윗에그토스트,https://mcdn.twosome.co.kr/menu_image/P_MA_Z_TSPLC_MENU_REG/1000/1000/PITEM/315.png?width=276&height=276&q=100,sandwich,0
twosome,0,칠리소시지바게트샌드위치,https://mcdn.twosome.co.kr/menu_image/P_MA_Z_TSPLC_MENU_REG/1000/1000/PITEM/309.png?width=276&height=276&q=100,sandwich,0
twosome,0,할라피뇨스테이크바게트샌드위치,https://mcdn.twosome.co.kr/menu_image/P_MA_Z_TSPLC_MENU_REG/1000/1000/PITEM/310.png?width=276&height=276&q=100,sandwich,0
twosome,0,토마토모짜렐라샌드위치,https://mcdn.twosome.co.kr/menu_image/P_MA_Z_TSPLC_MENU_REG/1000/1000/PITEM/307.png?width=276&height=276&q=100,sandwich,0
twosome,0,스크램블에그샌드위치,https://mcdn.twosome.co.kr/menu_image/P_MA_Z_TSPLC_MENU_REG/1000/1000/PITEM/316.png?width=276&height=276&q=100,sandwich,0
twosome,0,크로크무슈,https://mcdn.twosome.co.kr/menu_image/P_MA_Z_TSPLC_MENU_REG/1000/1000/PITEM/317.png?width=276&height=276&q=100,sandwich,0
twosome,0,에그베이컨브리오슈,https://mcdn.twosome.co.kr/menu_image/P_MA_Z_TSPLC_MENU_REG/1000/1000/PITEM/318.png?width=276&height=276&q=100,sandwich,0
twosome,0,토마토머쉬룸피자토스트,https://mcdn.twosome.co.kr/menu_image/P_MA_Z_TSPLC_MENU_REG/1000/1000/PITEM/319.png?width=276&height=276&q=100,sandwich,0
twosome,0,그릴드치킨샐러드,https://mcdn.twosome.co.kr/menu_image/P_MA_Z_TSPLC_MENU_REG/1000/1000/PITEM/320.png?width=276&height=276&q=100,salad,0
twosome,0,카프레제샐러드,https://mcdn.twosome.co.kr/menu_image/P_MA_Z_TSPLC_MENU_REG/1000/1000/PITEM/321.png?width=276&height=276&q=100,salad,0
twosome,0,쉬림프콥샐러드,https://mcdn.twosome.co.kr/menu_image/P_MA_Z_TSPLC_MENU_REG/1000/1000/PITEM/322.png?width=276&height=276&q=100,salad,0
twosome,0,과카몰리치킨샐러드,https://mcdn.twosome.co.kr/menu_image/P_MA_Z_TSPLC_MENU_REG/1000/1000/PITEM/323.png?width=276&height=276&q=100,salad,0
twosome,0,분짜샐러드,https://mcdn.twosome.co.kr/menu_image/P_MA_Z_TSPLC_MENU_REG/1000/1000/PITEM/41101871_01_01_20211028.jpg?width=276&height=276&q=100,salad,0
twosome,0,찰보리콥샐러드,https://mcdn.twosome.co.kr/menu_image/P_MA_Z_TSPLC_MENU_REG/1000/1000/PITEM/41101870_01_01_20211028.jpg?width=276&height=276&q=100,salad,0
twosome,0,아이스크림크로플,https://mcdn.twosome.co.kr/menu_image/P_MA_Z_TSPLC_MENU_REG/1000/1000/PITEM/324.png?width=276&height=276&q=100,etc,0
twosome,0,치즈크로플,https://mcdn.twosome.co.kr/menu_image/P_MA_Z_TSPLC_MENU_REG/1000/1000/PITEM/325.png?width=276&height=276&q=100,etc,0
twosome,0,카라멜버터토스트,https://mcdn.twosome.co.kr/menu_image/P_MA_Z_TSPLC_MENU_REG/1000/1000/PITEM/326.png?width=276&height=276&q=100,etc,0
twosome,0,플레인그릭요거트,https://mcdn.twosome.co.kr/menu_image/P_MA_Z_TSPLC_MENU_REG/1000/1000/PITEM/41301878_01_01_20210614.jpg?width=276&height=276&q=100,etc,0
twosome,0,허니바나나그릭요거트,https://mcdn.twosome.co.kr/menu_image/P_MA_Z_TSPLC_MENU_REG/1000/1000/PITEM/328.png?width=276&height=276&q=100,etc,0
twosome,0,[단품]양송이크림스프,https://mcdn.twosome.co.kr/menu_image/P_MA_Z_TSPLC_MENU_REG/1000/1000/PITEM/41390986_01_01_20210112.png?width=276&height=276&q=100,etc,0
twosome,0,플레인베이글,https://mcdn.twosome.co.kr/menu_image/P_MA_Z_TSPLC_MENU_REG/1000/1000/PITEM/51401916_01_01_20210118.png?width=276&height=276&q=100,bread,0
twosome,0,호두베이글,https://mcdn.twosome.co.kr/menu_image/P_MA_Z_TSPLC_MENU_REG/1000/1000/PITEM/51401917_01_01_20210118.png?width=276&height=276&q=100,bread,0
twosome,0,토마토베이컨블루밍브레드,https://mcdn.twosome.co.kr/menu_image/P_MA_Z_TSPLC_MENU_REG/1000/1000/PITEM/329.png?width=276&height=276&q=100,bread,0
twosome,0,6치즈블루밍브레드,https://mcdn.twosome.co.kr/menu_image/P_MA_Z_TSPLC_MENU_REG/1000/1000/PITEM/330.png?width=276&height=276&q=100,bread,0
twosome,0,크루아상,https://mcdn.twosome.co.kr/menu_image/P_MA_Z_TSPLC_MENU_REG/1000/1000/PITEM/51401925_01_01_20210524.jpg?width=276&height=276&q=100,bread,0
twosome,0,파마산크루아상,https://mcdn.twosome.co.kr/menu_image/P_MA_Z_TSPLC_MENU_REG/1000/1000/PITEM/51401926_01_01_20210524.png?width=276&height=276&q=100,bread,0
twosome,0,뺑오쇼콜라,https://mcdn.twosome.co.kr/menu_image/P_MA_Z_TSPLC_MENU_REG/1000/1000/PITEM/51401927_01_01_20210524.jpg?width=276&height=276&q=100,bread,0
twosome,0,뺑오커스터드,https://mcdn.twosome.co.kr/menu_image/P_MA_Z_TSPLC_MENU_REG/1000/1000/PITEM/51401928_01_01_20210524.jpg?width=276&height=276&q=100,bread,0
twosome,0,21년투썸슈톨렌,https://mcdn.twosome.co.kr/menu_image/P_MA_Z_TSPLC_MENU_REG/1000/1000/PITEM/51490998_01_01_20211025.jpg?width=276&height=276&q=100,bread,0
twosome,0,브리오슈슈크레,https://mcdn.twosome.co.kr/menu_image/P_MA_Z_TSPLC_MENU_REG/1000/1000/PITEM/51490993_01_01_20210819.jpg?width=276&height=276&q=100,bread,0
twosome,0,에그베이컨페이스트리,https://mcdn.twosome.co.kr/menu_image/P_MA_Z_TSPLC_MENU_REG/1000/1000/PITEM/51490989_01_01_20210819.jpg?width=276&height=276&q=100,bread,0
twosome,0,소시지페이스트리,https://mcdn.twosome.co.kr/menu_image/P_MA_Z_TSPLC_MENU_REG/1000/1000/PITEM/51490987_01_01_20210819.jpg?width=276&height=276&q=100,bread,0
twosome,0,넛츠크림치즈크럼블페이스트리,https://mcdn.twosome.co.kr/menu_image/P_MA_Z_TSPLC_MENU_REG/1000/1000/PITEM/51490986_01_01_20210819.jpg?width=276&height=276&q=100,bread,0
twosome,0,생미쉘시트러스마들렌,https://mcdn.twosome.co.kr/menu_image/P_MA_Z_TSPLC_MENU_REG/1000/1000/PITEM/51501101_01_01_20201124.jpg?width=276&height=276&q=100,snack,0
twosome,0,까눌레,https://mcdn.twosome.co.kr/menu_image/P_MA_Z_TSPLC_MENU_REG/1000/1000/PITEM/51501102_01_01_20210412.jpg?width=276&height=276&q=100,snack,0
twosome,0,TWG밀크티파운드,https://mcdn.twosome.co.kr/menu_image/P_MA_Z_TSPLC_MENU_REG/1000/1000/PITEM/331.png?width=276&height=276&q=100,snack,0
twosome,0,오렌지쇼콜라파운드,https://mcdn.twosome.co.kr/menu_image/P_MA_Z_TSPLC_MENU_REG/1000/1000/PITEM/352.png?width=276&height=276&q=100,snack,0
twosome,0,무화과스콘,https://mcdn.twosome.co.kr/menu_image/P_MA_Z_TSPLC_MENU_REG/1000/1000/PITEM/51501946_01_01_20211027.png?width=276&height=276&q=100,snack,0
twosome,0,NEW오리지널버터스콘,https://mcdn.twosome.co.kr/menu_image/P_MA_Z_TSPLC_MENU_REG/1000/1000/PITEM/51501945_01_01_20211005.png?width=276&height=276&q=100,snack,0
